wave,id,age,gender,ambition,ambition_1,ambition_2,ambition_3,ambition_4,ambition_5,ambition_6,ambition_7,motivation_to_lead,mtl_1,mtl_2,mtl_3,mtl_4,mtl_5,mtl_6,mtl_7,mtl_8,drive_to_achieve,extra,leader_ability,self,others,direct_reports,managers,peers
1,1,41,2,6.857142857142857,7,7,7,7,7,6,7,4.875,5,7,7,7,2,6,2,3,NA,NA,NA,5.28,6.262064477965099,6.80795918367347,5.527826086956522,6.4504081632653065
1,2,35,1,6,6,6,6,6,6,6,6,5,5,5,6,4,6,5,5,4,NA,NA,NA,4.84,6.381358320183288,6.253617021276596,6.54,6.4136386261821805
1,3,34,2,6.714285714285714,7,6,7,7,7,6,7,5.125,2,6,6,6,6,6,3,6,NA,NA,NA,6.36,6.301516482080338,6.473659231134314,5.958333333333333,6.2437681159420295
1,4,NA,2,4.428571428571429,2,2,7,4,7,5,4,5.625,6,6,6,4,5,6,6,6,NA,NA,NA,5.54,5.2652777777777775,NA,5.069444444444445,5.461111111111111
1,5,42,1,6.571428571428571,7,7,7,6,7,6,6,5.5,6,6,6,6,4,5,7,4,NA,NA,NA,4.795918367346939,5.560308611249377,NA,5.183673469387755,5.685853658536585
1,6,34,1,6.857142857142857,7,7,7,7,7,6,7,5.75,6,6,7,6,5,6,4,6,NA,NA,NA,5.3,5.9239893617021275,6.0625,6.08,5.8258156028368795
1,7,40,1,4.142857142857143,1,7,1,5,7,1,7,4.25,3,7,7,2,5,2,6,2,NA,NA,NA,5.46,6.108089053803339,5.822857142857143,6.64,6.596326530612245
1,8,33,2,6.857142857142857,6,7,7,7,7,7,7,6,7,7,7,2,6,6,7,6,NA,NA,NA,5.74,5.835555555555556,5.913333333333333,5.550000000000001,5.92
1,9,31,1,6.571428571428571,7,7,6,6,6,7,7,5.75,5,6,6,6,6,6,6,5,NA,NA,NA,5.36,5.6666726474364175,5.857591113040961,5.96,5.474016768292683
1,10,39,2,6.571428571428571,6,6,7,7,7,6,7,4,3,7,3,3,7,3,3,3,NA,NA,NA,5.74,6.0064912613981765,6.563988095238095,5.284893617021277,5.613095238095238
1,11,40,1,6.571428571428571,7,7,5,7,6,7,7,6,6,6,6,7,5,6,5,7,NA,NA,NA,5.38,5.4955524999597944,5.74688731284476,6.05,3.63265306122449
1,12,44,2,5.571428571428571,6,6,6,5,5,5,6,4.75,5,6,5,5,5,4,5,3,NA,NA,NA,5.163265306122449,5.5865909430303695,5.715993631495151,5.742040816326531,5.237037037037037
1,13,37,2,6.142857142857143,6,6,6,6,6,6,7,5.5,6,6,7,6,6,5,3,5,NA,NA,NA,5.36,6.202878327346412,NA,5.9352968460111315,6.381265981569933
1,14,50,2,5.142857142857143,5,5,5,5,5,5,6,4.875,6,3,2,6,6,3,6,7,NA,NA,NA,5.44,6.686930091185411,7,6.276595744680851,6.7193515704154
1,15,40,2,5.428571428571429,6,4,6,6,6,5,5,5.125,5,6,6,4,5,6,4,5,NA,NA,NA,4.92,5.975572562358277,NA,4.836734693877551,6.355185185185185
1,16,36,1,7,7,7,7,7,7,7,7,6.875,7,7,7,7,6,7,7,7,NA,NA,NA,5.46,5.517777777777778,5.515555555555555,NA,5.52
1,17,42,1,6,6,6,6,6,6,6,6,5.75,6,6,6,4,6,6,6,6,NA,NA,NA,5.7,5.335327136601768,6.006590136054422,5.042758620689655,4.956632653061225
1,18,NA,1,7,7,7,7,7,7,7,7,7,7,7,7,7,7,7,7,7,NA,NA,NA,5.2,5.544558455881619,5.869706925014841,5.331951219512195,4.675416666666667
1,19,49,1,6.428571428571429,6,7,6,7,7,6,6,5.5,5,6,6,6,6,5,5,5,NA,NA,NA,4.78,5.107858621709553,4.727891156462585,4.22,6.121739130434783
1,20,27,1,6.142857142857143,7,7,7,7,7,1,7,7,7,7,7,7,7,7,7,7,NA,NA,NA,5.42,6.197261904761905,NA,NA,6.197261904761905
1,21,NA,1,6.142857142857143,4,6,7,7,7,5,7,6.375,7,7,7,6,6,6,6,6,NA,NA,NA,5.52,6.32491554576376,6.223789424860853,6.68,6.341388888888889
1,22,50,1,4.714285714285714,5,4,5,4,6,3,6,4.375,5,5,3,3,5,5,5,4,NA,NA,NA,4.857142857142857,6.313317275747508,5.65625,NA,6.751362126245847
1,23,34,1,7,7,7,7,7,7,7,7,5.875,7,7,7,7,7,4,4,4,NA,NA,NA,6.12,6.372583333333333,6.705,6.26,6.129166666666666
1,24,32,2,5.142857142857143,5,4,4,5,6,5,7,4.125,4,5,7,3,4,2,3,5,NA,NA,NA,5.72,6.192650103519669,6.371014492753623,6.26530612244898,5.888775510204082
1,25,52,1,5.285714285714286,6,6,6,4,5,6,4,5.875,6,7,6,6,5,6,6,5,NA,NA,NA,5.06,5.658573801613668,5.89046274323683,5.12,5.219727891156462
1,26,57,1,6.142857142857143,6,5,6,6,7,6,7,6.5,7,7,6,7,6,7,5,7,NA,NA,NA,5.7,5.36225130631963,6.207391304347826,5.224489795918367,4.844745144434586
1,27,42,1,5.571428571428571,5,6,7,5,6,5,5,5.625,7,6,4,6,6,6,4,6,NA,NA,NA,5.62,5.710390898622695,6.096291102514506,5.465135135135135,5.359361135758651
1,28,31,2,6.571428571428571,6,6,6,7,7,7,7,6.25,6,7,6,5,7,6,7,6,NA,NA,NA,5.08,5.764602905720918,6.02,5.85695652173913,5.617901463615749
1,29,50,1,6,5,6,7,6,7,4,7,5.625,6,7,6,4,5,5,6,6,NA,NA,NA,4.9,5.752136544011544,5.353964646464647,5.918154761904762,6.03962962962963
1,30,29,1,5.428571428571429,6,6,3,7,6,4,6,4.25,5,5,6,5,4,4,2,3,NA,NA,NA,4.8979591836734695,5.884615536862939,6.651162790697675,5.62,5.76595744680851
1,31,51,2,6.285714285714286,6,7,4,7,7,6,7,5.25,4,7,7,2,4,6,6,6,NA,NA,NA,6.26,6.0162308673469385,5.495535714285714,5.9793877551020405,6.295
1,32,NA,1,5.571428571428571,6,4,6,5,6,6,6,5.375,7,6,6,3,6,5,4,6,NA,NA,NA,5.54,6.018100340136055,6.347619047619048,5.23,6.082631802721089
1,33,42,2,6.571428571428571,6,6,6,7,7,7,7,4.625,2,1,7,4,6,6,5,6,NA,NA,NA,5.6,5.774742772108843,5.973333333333334,5.535714285714286,5.735504535147393
1,34,29,1,6.571428571428571,6,7,6,7,7,6,7,5.125,7,6,6,4,1,6,6,5,NA,NA,NA,5.58,5.986555770887167,5.988139534883722,6.708333333333333,5.744907407407407
1,35,45,1,6.571428571428571,7,4,7,7,7,7,7,2.375,2,2,5,2,2,2,2,2,NA,NA,NA,5.346938775510204,6.416666666666667,6.839166666666666,6.04,5.9712499999999995
1,36,35,1,5.857142857142857,5,6,5,6,6,6,7,5.875,7,6,7,6,5,6,3,7,NA,NA,NA,6.48,6.00248190765668,6.3487074829931975,6.020408163265306,5.738331162252135
1,37,43,2,7,7,7,7,7,7,7,7,5.375,6,7,4,5,7,6,4,4,NA,NA,NA,5.9,3.8276643990929706,NA,3.510204081632653,3.9863945578231292
1,38,NA,2,6.285714285714286,6,6,6,6,6,7,7,6.375,6,7,7,6,7,6,6,6,NA,NA,NA,5.62,5.63475040257649,5.314202898550724,5.68,6.153913043478261
1,39,NA,2,6.428571428571429,6,7,6,7,7,5,7,5.125,6,6,4,4,5,6,5,5,NA,NA,NA,5.74,6.488279883381924,6.462040816326531,6.38,6.550612244897959
1,40,30,2,6.285714285714286,5,6,6,7,7,7,6,5.5,6,5,7,5,5,5,5,6,NA,NA,NA,5.16,6.045959183673469,NA,5.684897959183673,6.286666666666667
1,41,34,2,4.428571428571429,4,4,5,5,5,4,4,6.25,6,7,7,6,6,6,6,6,NA,NA,NA,5.74,5.668336951801997,4.959591836734694,5.356938775510204,6.58468085106383
1,42,42,1,5.571428571428571,6,6,4,5,6,6,6,4,5,6,2,4,3,4,4,4,NA,NA,NA,4.8,5.405869565217391,NA,5.26,5.5517391304347825
1,43,43,1,6.285714285714286,7,7,6,6,6,6,6,6.125,6,6,6,6,6,7,6,6,NA,NA,NA,5.52,5.371111111111111,5.5600000000000005,4.5,5.346666666666667
1,44,28,1,7,7,7,7,7,7,7,7,5.25,5,7,6,5,6,3,7,3,NA,NA,NA,6.244897959183674,6.42962962962963,NA,6.26,6.463555555555556
1,45,39,1,6.714285714285714,7,7,7,7,7,5,7,5.625,7,7,7,4,7,6,2,5,NA,NA,NA,5.82,6.283396087117017,5.96,6.28,6.500125507567368
1,46,NA,2,6.142857142857143,6,6,7,7,6,5,6,5.75,5,7,7,6,4,6,5,6,NA,NA,NA,5.56,5.459209726443769,5.051489361702128,5.54,5.99
1,47,37,2,5.142857142857143,3,6,6,5,5,5,6,4.5,4,6,4,5,4,5,3,5,NA,NA,NA,5.795918367346939,5.224693921260944,5.16,5.37695652173913,5.166314801782782
1,48,NA,2,7,7,7,7,7,7,7,7,5.875,6,7,7,6,7,7,1,6,NA,NA,NA,5.28,5.672513605442177,NA,6.88,5.370642006802721
1,49,40,1,6.428571428571429,6,7,7,7,6,5,7,5.125,6,6,6,5,6,4,4,4,NA,NA,NA,4.96,4.793238581146745,5.120277777777778,3.9,4.763945578231293
1,50,33,1,5.857142857142857,5,6,7,6,6,5,6,5,5,5,5,5,5,5,5,5,NA,NA,NA,5.14,5.454076447116314,5.547253401360544,6.08,5.204418604651163
1,51,34,2,7,7,7,7,7,7,7,7,5,6,6,4,3,4,6,5,6,NA,NA,NA,5.34,5.724708115804462,NA,5.322790697674419,5.99265306122449
1,52,45,1,5.714285714285714,5,6,4,6,6,6,7,5.375,5,6,6,5,5,5,5,6,NA,NA,NA,5.06,5.940816326530612,5.76,5.86,6.162040816326531
1,53,NA,2,7,7,7,7,7,7,7,7,6.125,7,7,7,1,7,6,7,7,NA,NA,NA,6.4,6.180772357723577,NA,6.171544715447155,6.1899999999999995
1,54,30,1,6.857142857142857,7,7,7,7,7,6,7,6.625,7,7,7,7,7,6,6,6,NA,NA,NA,6.32,5.47468253968254,5.986666666666666,6.095238095238095,4.5851851851851855
1,55,44,1,6.857142857142857,7,6,7,7,7,7,7,3.875,3,6,3,5,3,3,3,5,NA,NA,NA,4.9,5.291895156515217,4.726462585034014,5.8979591836734695,5.98852800694746
1,56,38,1,7,7,7,7,7,7,7,7,5.375,7,6,2,6,7,7,2,6,NA,NA,NA,4.48,5.20984126984127,6.16,4.92,5.117222222222222
1,57,39,1,6,6,5,6,6,7,6,6,5.75,6,6,6,6,6,5,5,6,NA,NA,NA,4.8,6.000595238095238,6.1866666666666665,5.5600000000000005,6.162083333333333
1,58,NA,1,5.285714285714286,5,5,7,6,7,5,2,5.5,6,6,6,6,2,6,6,6,NA,NA,NA,5.72,5.281292517006802,5.579047619047619,4.785306122448979,5.38
1,59,48,1,5.714285714285714,6,6,6,5,6,5,6,3.5,5,3,2,4,2,4,1,7,NA,NA,NA,3.88,6.5,6.720000000000001,NA,6.28
1,60,44,2,5.428571428571429,5,6,5,5,5,5,7,5.5,6,7,4,6,6,5,6,4,NA,NA,NA,4.88,5.601570297559275,4.863005050505051,6.020842379504993,6.060620823316353
1,61,26,2,6.285714285714286,5,7,7,7,7,4,7,6,6,7,6,6,6,6,6,5,NA,NA,NA,4.6,5.731736596736597,5.1725,5.91,5.896884469696969
1,62,39,1,5.857142857142857,4,6,6,6,6,6,7,5.625,6,6,6,6,6,6,4,5,NA,NA,NA,5.66,5.676388888888889,NA,5.64,5.694583333333333
1,63,45,2,6.428571428571429,5,7,6,7,6,7,7,6.125,6,7,5,6,5,7,6,7,NA,NA,NA,5.78,5.65797619047619,6.220000000000001,5.46,5.415277777777778
1,64,36,2,6.714285714285714,7,7,7,6,7,6,7,6.375,6,6,7,6,7,7,6,6,NA,NA,NA,5.22,5.538311688311689,6.36,4.681818181818182,5.555714285714286
1,65,53,2,7,7,7,7,7,7,7,7,6.5,7,7,7,7,6,6,6,6,NA,NA,NA,6.02,5.849737609329446,5.9536326530612245,5.88,5.3
1,66,40,2,6.714285714285714,7,7,5,7,7,7,7,6.125,6,7,7,7,6,3,6,7,NA,NA,NA,5.877551020408164,5.635589743589744,NA,5.92,5.445982905982906
1,67,53,1,7,7,7,7,7,7,7,7,5.25,7,7,2,4,6,6,6,4,NA,NA,NA,4.76,5.5185204081632655,5.933333333333334,5.369999999999999,5.202721088435374
1,68,50,1,7,7,7,7,7,7,7,7,6,6,7,6,7,6,5,6,5,NA,NA,NA,6.22,6.55924149659864,6.755,6.29,6.498103741496599
1,69,50,1,6,6,6,7,5,6,5,7,5.5,6,5,7,6,4,6,3,7,NA,NA,NA,4.22,6.1924081632653065,NA,5.82,6.285510204081633
1,70,44,2,4.428571428571429,4,4,5,5,5,3,5,4.25,4,6,4,5,6,3,3,3,NA,NA,NA,4.64,5.463196810857267,5.619252193631075,5.260408163265306,5.390315398886828
1,71,39,1,5.714285714285714,5,7,4,6,6,5,7,6.625,6,7,7,6,7,7,6,7,NA,NA,NA,5.44,6.053747751380188,5.967316181791865,5.82,6.218095238095239
1,72,45,2,6.714285714285714,7,7,7,7,5,7,7,5.75,4,7,7,6,5,6,6,5,NA,NA,NA,5.387755102040816,5.108775510204081,4.888979591836735,NA,5.328571428571429
1,73,47,2,6,5,6,7,6,6,5,7,5.125,2,7,6,4,6,4,6,6,NA,NA,NA,6.06,5.947589842637159,NA,6.068181818181818,5.907392517455605
1,74,NA,1,6.857142857142857,7,7,6,7,7,7,7,7,7,7,7,7,7,7,7,7,NA,NA,NA,5.92,6.0345380434782605,6.408333333333333,5.58,5.963768115942029
1,75,27,2,6.571428571428571,6,7,5,7,7,7,7,5.375,5,7,7,5,3,4,6,6,NA,NA,NA,5.6,5.736650055924419,5.57098918794571,NA,5.985141357892482
1,76,44,1,7,7,7,7,7,7,7,7,4.25,5,3,5,4,5,4,3,5,NA,NA,NA,5.36,5.889328231292517,5.640000000000001,5.285714285714286,6.1180320699708455
1,77,50,1,6.142857142857143,6,6,4,7,7,7,6,5.625,6,6,6,6,6,6,4,5,NA,NA,NA,5.22,6.170068027210885,6.266666666666667,NA,6.073469387755102
1,78,46,2,6,6,7,4,6,7,6,6,4.75,4,6,6,3,5,4,5,5,NA,NA,NA,5.122448979591836,5.964065040650406,NA,5.62,6.078753387533875
1,79,32,1,6.142857142857143,4,7,6,6,7,6,7,4.5,4,5,3,5,5,4,6,4,NA,NA,NA,4.84,5.020693451425767,4.39944118257849,3.88,6.022176870748299
1,80,42,2,6.857142857142857,7,7,7,7,7,7,6,6.125,6,7,6,6,7,6,6,5,NA,NA,NA,5.34,5.789102210727029,6.245369083803734,5.913043478260869,5.139432624113475
1,81,22,1,6.571428571428571,7,5,6,7,7,7,7,5.625,7,5,5,6,5,6,5,6,NA,NA,NA,5.448979591836735,5.907551020408164,NA,5.18,6.150068027210884
1,82,32,2,6.571428571428571,7,7,6,7,7,5,7,6,7,7,7,6,7,7,1,6,NA,NA,NA,6.224489795918367,4.756363636363636,4.565,5.51,4.608
1,83,33,2,6.142857142857143,4,7,7,7,7,4,7,6.375,7,7,7,5,7,6,6,6,NA,NA,NA,5.3061224489795915,6.135,NA,6.1,6.17
1,84,NA,2,6,5,6,7,6,7,5,6,5.875,6,7,6,6,6,6,5,5,NA,NA,NA,6.02,6.400096521064566,5.76,6.225552721088436,6.729824561403509
1,85,30,1,6.714285714285714,6,7,7,6,7,7,7,4.25,6,3,2,4,6,5,5,3,NA,NA,NA,4.58,5.879755102040816,5,5.66,6.246258503401361
1,86,41,1,6,5,6,7,7,5,5,7,6.625,7,7,7,6,7,7,6,6,NA,NA,NA,5.16,5.971538120567375,5.890212765957447,6.010833333333334,6.026666666666666
1,87,38,1,5.857142857142857,4,6,7,5,7,5,7,4.75,4,5,5,5,5,4,5,5,NA,NA,NA,4.58,5.743019394093041,5.6066666666666665,4.56,6.273711919550429
1,88,31,1,7,7,7,7,7,7,7,7,5.25,3,7,7,6,5,6,3,5,NA,NA,NA,4.36,5.762294372294372,6.17,6.32,5.304588744588744
1,89,34,1,6.571428571428571,7,7,7,6,7,6,6,6,7,6,6,6,6,6,5,6,NA,NA,NA,5.62,5.568798701298701,NA,6.409090909090909,5.288701298701299
1,90,44,1,6.857142857142857,6,7,7,7,7,7,7,6.25,6,6,7,6,7,6,6,6,NA,NA,NA,5.76,6.198974358974359,5.8,NA,6.331965811965812
1,91,40,2,5.714285714285714,3,7,3,7,7,6,7,4.625,2,6,7,2,7,2,7,4,NA,NA,NA,6.3,6.005928085519923,5.87,5.78,6.247165532879818
1,92,35,1,6.285714285714286,6,7,6,7,7,5,6,3.625,3,3,2,5,4,6,2,4,NA,NA,NA,4.58,5.927048611111111,6.029999999999999,6.23,5.724097222222222
1,93,30,1,6.428571428571429,5,7,5,7,7,7,7,5.625,5,7,7,3,7,5,7,4,NA,NA,NA,5.68,6.258053830227743,6.141476880607316,6.171632653061224,6.432244897959183
1,94,38,2,5.285714285714286,5,7,4,5,5,4,7,4.25,3,7,6,1,5,3,3,6,NA,NA,NA,5.489795918367347,5.756317038443284,NA,5.83265306122449,5.705426356589148
1,95,40,1,6.428571428571429,6,6,7,7,6,6,7,5.625,5,7,6,6,6,5,5,5,NA,NA,NA,4.9,5.967489361702127,6.448723404255319,4.44,6.25
1,96,41,1,6.714285714285714,6,7,7,6,7,7,7,5,5,6,5,4,6,5,5,4,NA,NA,NA,5.42,5.437238767600063,6.039375,5.845833333333333,4.763418235511259
1,97,48,1,6.857142857142857,7,7,7,6,7,7,7,5,5,7,4,3,5,5,7,4,NA,NA,NA,5.8,5.414574468085107,5.78,5.58,5.099148936170213
1,98,36,2,7,7,7,7,7,7,7,7,5.5,3,7,7,5,5,5,6,6,NA,NA,NA,6.26,6.224556994552369,6.891111111111111,5.860833333333334,5.906503237742831
1,99,39,1,5.142857142857143,5,6,7,5,5,2,6,6,7,7,6,3,5,7,6,7,NA,NA,NA,6.12,5.753108038428137,5.495310464611376,5.8,6.0812074829931975
1,100,58,1,6.285714285714286,6,6,6,7,6,6,7,5.625,6,6,5,5,6,6,6,5,NA,NA,NA,5.58,6.059078540507112,6.390000000000001,4.76,6.271490414347557
1,101,34,1,6.285714285714286,6,5,6,7,7,6,7,6.625,6,7,7,7,6,7,7,6,NA,NA,NA,5.32,6.1694921312932705,6.389387755102041,5.844444444444444,6.0579457364341085
1,102,NA,2,5.571428571428571,6,5,5,6,6,5,6,5.375,6,6,3,6,6,5,5,6,NA,NA,NA,5.38,5.9649135817117545,6.519102990033223,6.6875,5.354591836734694
1,103,43,2,6.428571428571429,6,7,6,7,7,5,7,6.375,6,7,7,6,7,6,6,6,NA,NA,NA,6.26,5.464820878985012,5.322585034013605,5.212727272727273,5.697544565842438
1,104,51,1,5.285714285714286,5,5,7,5,6,3,6,3.125,3,2,3,2,6,3,2,4,NA,NA,NA,5.510204081632653,5.655413832199546,6.44,5.06,5.60812074829932
1,105,53,2,6,5,5,7,6,7,5,7,4.875,5,7,2,6,2,5,6,6,NA,NA,NA,5.9,6.1610422401518745,NA,5.826326530612245,6.384186046511628
1,106,39,1,7,7,7,7,7,7,7,7,7,7,7,7,7,7,7,7,7,NA,NA,NA,6.22,6.204897959183674,NA,5.510204081632653,6.436462585034014
1,107,NA,NA,NA,NA,NA,NA,NA,NA,NA,NA,6.625,7,7,7,7,4,7,7,7,NA,NA,NA,5.1,6.229091939806225,6.6938775510204085,5.85,6.326891362605648
1,108,50,2,2.2857142857142856,1,2,2,2,1,2,6,6.125,6,7,6,7,5,6,6,6,NA,NA,NA,5.96,5.511428571428572,6.12,5.27,4.84
1,109,48,1,4.428571428571429,2,7,2,7,4,2,7,4.25,3,7,5,3,5,2,6,3,NA,NA,NA,5.78,5.516595744680851,5.32,6.1063829787234045,NA
1,110,43,1,6.428571428571429,7,7,6,6,6,6,7,4.5,5,4,5,5,4,4,5,4,NA,NA,NA,5.5,5.711166989039329,5.78822695035461,5.795454545454546,5.5534332688588
1,111,35,1,6.714285714285714,7,7,6,7,7,6,7,4.75,4,6,5,6,6,6,3,2,NA,NA,NA,5.680851063829787,6.011115483427414,NA,6.604166666666667,5.8134317556809965
1,112,45,2,6.142857142857143,4,7,6,7,7,5,7,4,2,6,5,2,5,4,6,2,NA,NA,NA,5.4,6.095000000000001,6.130000000000001,5.92,6.2
1,113,34,2,6.571428571428571,7,7,7,6,6,7,6,5.25,6,7,4,5,6,6,3,5,NA,NA,NA,5.3,6.097852663016426,NA,4.595238095238095,6.473506304961009
1,114,34,1,4.714285714285714,5,2,5,6,5,3,7,4.375,4,7,6,1,4,4,5,4,NA,NA,NA,5.5,5.796064914337828,NA,5.074705882352941,6.084608527131783
1,115,35,2,6.142857142857143,5,7,5,7,7,5,7,5.75,7,6,7,4,6,4,6,6,NA,NA,NA,6.38,5.779999999999999,NA,5.17,6.39
1,116,NA,2,7,7,7,7,7,7,7,7,7,7,7,7,7,7,7,7,7,NA,NA,NA,6.64,6.1848809523809525,6.347083333333334,6.06,6.16
1,117,48,1,6.285714285714286,6,7,6,7,7,5,6,6.125,7,7,6,2,6,7,7,7,NA,NA,NA,5.48,5.710223922902494,6.081420068027211,5.68,5.472834467120181
1,118,40,1,6.285714285714286,7,7,4,6,7,6,7,6.125,7,6,6,6,7,6,6,5,NA,NA,NA,4.73469387755102,5.1394315245478035,NA,5.511627906976744,4.953333333333333
1,119,32,1,6.285714285714286,5,7,7,7,5,7,6,4.125,3,4,5,5,5,3,5,3,NA,NA,NA,5.32,5.7921237549943285,6.92,5.350972947318462,5.7102655451096815
1,120,50,1,3.7142857142857144,2,5,4,3,5,2,5,5,4,6,6,5,4,4,6,5,NA,NA,NA,4.56,5.99034043234932,6.070869300911855,6.36,5.886525570702589
1,121,47,1,5.428571428571429,4,5,6,6,6,5,6,5.125,6,6,5,3,6,5,5,5,NA,NA,NA,6,6.405230536659108,6.786666666666667,6.03,6.146802721088435
1,122,32,1,6.714285714285714,6,7,7,7,7,6,7,5.375,6,7,7,6,6,3,2,6,NA,NA,NA,5.8,5.713378684807256,5.37156462585034,5.855714285714285,5.898571428571429
1,123,NA,1,6.714285714285714,7,7,6,7,6,7,7,6.75,7,7,6,7,7,7,6,7,NA,NA,NA,5.9,5.2389781538631714,NA,4.489795918367347,5.426273712737127
1,124,45,1,6.571428571428571,7,7,7,6,6,6,7,5.75,4,6,6,6,6,7,5,6,NA,NA,NA,5.6,5.879166666666666,6.1066666666666665,5.88,5.651388888888889
1,125,37,1,5.285714285714286,5,5,6,5,6,6,4,4.625,4,7,7,1,4,3,5,6,NA,NA,NA,6.18,5.890745825602969,NA,6.219591836734694,5.671515151515152
1,126,40,1,5.714285714285714,6,5,7,5,6,5,6,4.5,5,4,5,4,6,4,4,4,NA,NA,NA,4.78,5.9922312925170065,5.916666666666667,6.04,6.001496598639456
1,127,37,1,7,7,7,7,7,7,7,7,5.25,6,6,1,6,3,7,6,7,NA,NA,NA,5.642857142857143,6.182003023431594,6.06,6.361111111111111,6.103265306122449
1,128,37,1,7,7,7,7,7,7,7,7,6.875,7,7,6,7,7,7,7,7,NA,NA,NA,6.38,6.273581717608413,6.193033000434216,6.418260869565217,6.29
1,129,44,1,6.857142857142857,7,7,7,7,7,7,6,5.375,7,6,6,7,6,3,6,2,NA,NA,NA,6.72,6.417369237588653,6.566666666666666,6.493617021276596,6.217239952718677
1,130,40,1,6.285714285714286,6,7,7,6,6,5,7,5.625,6,5,4,6,6,6,6,6,NA,NA,NA,5.48,5.623695287123859,3.64,5.9,6.192825478539764
1,131,40,2,5.428571428571429,5,5,6,5,6,4,7,5.375,6,7,6,2,7,6,6,3,NA,NA,NA,5.48,5.779119787045253,NA,5.520408163265307,5.9515942028985505
1,132,NA,2,5.142857142857143,5,5,7,5,6,5,3,5.625,5,6,7,5,6,5,6,5,NA,NA,NA,5.653061224489796,5.869487710898046,6.976190476190476,5.089591836734694,6.096032202415181
1,133,NA,NA,NA,NA,NA,NA,NA,NA,NA,NA,4.875,4,7,7,6,3,4,3,5,NA,NA,NA,5.3,5.917902683869901,5.944291383219954,5.9,5.89622231871472
1,134,NA,2,6.285714285714286,6,7,6,6,7,5,7,4.75,6,7,5,4,2,6,2,6,NA,NA,NA,5.54,5.455572767039333,5.265378787878788,5.94,5.611086987986684
1,135,39,1,5.714285714285714,5,6,7,6,7,7,2,4.375,4,7,7,4,1,5,1,6,NA,NA,NA,6.14,5.819368858654573,6.958333333333333,4.622222222222222,5.877551020408164
1,136,47,1,6.285714285714286,6,7,6,6,7,6,6,6.125,6,6,7,6,6,6,6,6,NA,NA,NA,5.68,5.891017651234759,5.930212765957447,4.73469387755102,6.237263794406652
1,137,43,1,6.428571428571429,7,7,7,7,7,7,3,5.875,5,7,7,6,5,7,5,5,NA,NA,NA,5.68,6.187415735836022,6.2312692882030865,6.142857142857143,6.158415047795251
1,138,46,2,6.571428571428571,6,7,7,6,6,7,7,6.375,7,6,6,6,6,7,6,7,NA,NA,NA,5.94,6.1889237123420795,6.2,5.87,6.394155328798186
1,139,37,1,5,4,5,5,5,6,4,6,4.75,5,5,6,4,4,5,4,5,NA,NA,NA,5.58,6.263571428571429,6.608333333333333,6.199999999999999,5.8100000000000005
1,140,50,1,5.571428571428571,4,6,6,6,6,5,6,5.375,5,6,5,6,6,5,5,5,NA,NA,NA,5.46,6.089274376417234,6.293959183673469,5.7,5.983582766439909
1,141,40,1,6.428571428571429,5,7,7,7,7,5,7,5.75,6,7,5,4,6,6,6,6,NA,NA,NA,5.04,6.067612293144208,6.9361702127659575,4.98,5.851111111111111
1,142,46,1,7,7,7,7,7,7,7,7,5.75,6,7,6,6,5,6,6,4,NA,NA,NA,5,6.577091836734693,NA,6.918367346938775,6.463333333333333
1,143,40,1,5.571428571428571,6,5,6,5,6,5,6,5.375,6,7,5,5,6,5,4,5,NA,NA,NA,4.92,5.82030303030303,5.773333333333333,6.07,5.730681818181818
1,144,42,2,6.714285714285714,7,7,7,7,7,5,7,6,5,7,7,6,7,5,6,5,NA,NA,NA,5.84,6.0463673469387755,6.591836734693878,5.78,5.953333333333333
1,145,NA,1,6.571428571428571,7,7,6,7,6,6,7,4.125,6,1,2,2,7,7,2,6,NA,NA,NA,5.66,6.166575963718821,5.933163265306122,6.353265306122449,6.3533333333333335
1,146,53,1,4.857142857142857,3,6,3,7,7,1,7,5.75,6,7,7,1,7,5,7,6,NA,NA,NA,6.72,6.275714285714286,6.191428571428571,6.38,6.35
1,147,43,1,5.857142857142857,5,6,7,6,6,5,6,4.75,5,4,5,6,4,5,4,5,NA,NA,NA,5.36,5.817164693033627,NA,5.367614269788183,6.2667151162790695
1,148,NA,1,7,7,7,7,7,7,7,7,7,7,7,7,7,7,7,7,7,NA,NA,NA,7,6.488571428571428,6.72,5.64,6.54
1,149,NA,2,5.285714285714286,4,7,4,6,6,4,6,5.875,6,6,6,5,6,6,6,6,NA,NA,NA,5.44,5.455874325802137,5.562744246634824,6.486486486486487,5.041090325018897
1,150,NA,1,6.857142857142857,7,7,7,7,7,7,6,5.125,4,7,6,5,4,5,6,4,NA,NA,NA,5.44,6.745,6.71,6.58,6.98
1,151,50,2,7,7,7,7,7,7,7,7,5.5,6,6,6,4,5,6,5,6,NA,NA,NA,5.72,5.975043731778426,5.481768707482994,6.86,6.173333333333333
1,152,46,1,5.714285714285714,6,6,6,5,6,5,6,5,5,6,6,5,4,5,4,5,NA,NA,NA,4.94,5.005442176870748,5.699999999999999,4.167959183673469,5.148367346938775
1,153,34,2,7,7,7,7,7,7,7,7,6.25,6,6,7,5,7,5,7,7,NA,NA,NA,5.36,5.882756892230576,NA,6.1,5.810342522974102
1,154,40,1,6.142857142857143,5,7,5,7,6,6,7,5.75,6,6,5,6,6,6,5,6,NA,NA,NA,6,5.381473440440006,NA,5.066666666666666,5.486409031697786
1,155,46,1,5.571428571428571,4,5,2,7,7,7,7,4.625,4,7,4,2,5,4,6,5,NA,NA,NA,5.66,5.784,5.88,5.87,5.42
1,156,34,1,3.4285714285714284,2,3,3,3,4,3,6,4.125,4,6,5,4,6,1,6,1,NA,NA,NA,5.34,5.708972705781216,5.597787234042553,NA,5.847954545454545
1,157,NA,1,6.142857142857143,6,7,6,6,6,5,7,5.375,5,7,4,6,4,6,6,5,NA,NA,NA,5.7,5.761155202821869,5.618095238095238,6.3,5.599027777777778
1,158,35,2,7,7,7,7,7,7,7,7,5,6,6,6,6,6,6,2,2,NA,NA,NA,5.58,6.41095090209997,NA,6.305235137533273,6.516666666666667
1,159,51,1,6.285714285714286,5,7,5,7,7,6,7,6.625,7,7,7,5,7,7,7,6,NA,NA,NA,4.96,5.8979244306418215,6.2214285714285715,4.86,5.81256038647343
1,160,35,1,5.428571428571429,4,5,4,7,7,4,7,5.125,4,7,6,6,4,4,5,5,NA,NA,NA,5.82,6.029226190476191,6.057823129251701,6.080816326530613,5.974834183673469
1,161,40,1,5.857142857142857,6,6,4,6,6,6,7,5.875,6,6,6,5,6,6,6,6,NA,NA,NA,5.14,6.3955220349009165,NA,5.510204081632653,6.572585625554569
1,162,33,1,6.428571428571429,6,7,6,6,7,6,7,5.375,6,6,6,6,5,6,4,4,NA,NA,NA,5.27906976744186,5.278084257206208,NA,5.24,5.287605321507761
1,163,NA,1,6.857142857142857,7,7,6,7,7,7,7,6.75,7,7,7,6,7,6,7,7,NA,NA,NA,6.1,6.120479674796748,NA,6.170731707317073,6.107916666666666
1,164,47,2,6,5,7,7,6,6,5,6,6.25,7,7,7,6,6,6,4,7,NA,NA,NA,6.12,5.629679300291545,5.821326530612245,5.836734693877551,5.142857142857142
1,165,35,2,6.285714285714286,7,3,7,7,6,7,7,5.625,6,6,5,6,6,6,6,4,NA,NA,NA,5.32,5.835605193296831,5.802755102040816,6.02,5.817940379403794
1,166,44,1,7,7,7,7,7,7,7,7,6.375,7,7,2,7,7,7,7,7,NA,NA,NA,6.38,5.92,5.566666666666666,6.28,6.27
1,167,32,2,6.714285714285714,7,7,7,7,7,5,7,3.25,3,6,3,2,5,2,2,3,NA,NA,NA,5.938775510204081,5.615218094021451,5.042553191489362,5.966938775510204,5.589062801932367
1,168,NA,1,5.142857142857143,4,6,5,5,5,5,6,5,6,3,3,5,6,6,5,6,NA,NA,NA,4.88,6.012656534954408,5.142857142857143,6.54,6.1268085106382975
1,169,35,1,6.428571428571429,6,6,6,7,7,7,6,6.25,6,7,6,6,6,6,6,7,NA,NA,NA,4.6,5.677922615686591,5.549334516415262,5.658571428571428,5.848333333333334
1,170,42,1,3.142857142857143,2,3,5,2,2,5,3,3.875,5,5,5,3,5,3,3,2,NA,NA,NA,3.46,5.147094440495183,4.0638297872340425,4.934782608695652,5.578953268848739
1,171,39,1,7,7,7,7,7,7,7,7,6,6,6,6,6,7,6,4,7,NA,NA,NA,5.32,6.001425736961451,6.40469387755102,6.52,5.559722222222223
1,172,60,1,7,7,7,7,7,7,7,7,6.375,6,7,7,6,7,6,6,6,NA,NA,NA,5.82,6.211395348837209,6.554186046511628,6.74,5.806666666666667
1,173,59,1,6.285714285714286,6,7,4,7,6,7,7,5.5,7,7,7,3,7,3,7,3,NA,NA,NA,6.24,6.193231398423407,6.4025399296546155,5.98,6.055
1,174,37,2,6,6,6,6,6,6,6,6,5.375,5,6,6,6,4,6,6,4,NA,NA,NA,5.9,5.772595112118921,6.193544973544974,5.93,5.488544217687075
1,175,NA,2,5.571428571428571,4,7,6,6,7,2,7,5.625,6,6,7,6,6,4,4,6,NA,NA,NA,5.12,5.78,6.2,5.82,5.55
1,176,NA,2,6.142857142857143,6,7,7,5,6,6,6,6.25,6,6,6,6,7,7,6,6,NA,NA,NA,5.62,6.404979591836735,6.463401360544218,5.9,6.73469387755102
1,177,51,1,6.285714285714286,7,7,5,6,6,6,7,6.5,6,7,7,7,7,6,7,5,NA,NA,NA,5.78,5.581071428571429,6.32,5.74,4.789166666666667
1,178,47,1,6,5,7,7,5,7,5,6,4.625,3,7,7,4,4,5,2,5,NA,NA,NA,6.04,5.601258503401361,NA,5.673469387755102,5.529047619047619
1,179,34,1,6.142857142857143,6,5,6,5,7,7,7,5.125,5,6,6,4,6,3,6,5,NA,NA,NA,5.3061224489795915,6.155597402597403,6.64,5.285714285714286,6.284090909090909
2,180,NA,1,6,6,6,6,6,6,6,6,NA,NA,NA,NA,NA,NA,NA,NA,NA,3,3.3333333333333335,4,5.28,5.810356373815676,5.815434969853574,6.291666666666667,5.562083333333334
2,181,33,1,5.571428571428571,6,7,6,4,4,5,7,NA,NA,NA,NA,NA,NA,NA,NA,NA,4,3.3333333333333335,5,5.92,5.530427341149226,5.068888888888889,6.340425531914893,5.674081632653062
2,182,37,1,5.571428571428571,5,6,5,6,5,6,6,NA,NA,NA,NA,NA,NA,NA,NA,NA,5,4.5,5,5.938775510204081,5.861636995223622,5.568273990447243,6.72,5.966666666666667
2,183,NA,2,6.714285714285714,7,7,7,6,6,7,7,NA,NA,NA,NA,NA,NA,NA,NA,NA,4,3.8333333333333335,4,4.98,5.853648667687433,5.727872340425533,5.777520814061054,5.954600758131573
2,184,45,1,5.857142857142857,6,6,7,7,6,7,2,NA,NA,NA,NA,NA,NA,NA,NA,NA,5,3.8333333333333335,5,5.9375,6.1473226226660875,NA,5.889795918367347,6.319007092198581
2,185,37,1,6.428571428571429,7,7,7,5,6,7,6,NA,NA,NA,NA,NA,NA,NA,NA,NA,4,4.833333333333333,4,5.68,5.9872252235877035,6.0016326530612245,5.693617021276596,6.158951642672573
2,186,48,2,6.428571428571429,7,4,7,7,7,6,7,NA,NA,NA,NA,NA,NA,NA,NA,NA,5,4.666666666666667,5,5.96,5.045767431972789,5.1866666666666665,5.900416666666667,4.335102040816327
2,187,NA,1,5.714285714285714,7,4,7,4,7,4,7,NA,NA,NA,NA,NA,NA,NA,NA,NA,5,3.1666666666666665,5,3.9148936170212765,5.9323195762099985,6.032004429678848,5.489795918367347,5.968186850569025
2,188,40,2,6.857142857142857,7,7,6,7,7,7,7,NA,NA,NA,NA,NA,NA,NA,NA,NA,4,4.333333333333333,5,5.88,6.3834435938177085,6.418759689922481,6.18,6.415942028985507
2,189,53,1,4.571428571428571,6,2,6,3,6,2,7,NA,NA,NA,NA,NA,NA,NA,NA,NA,5,4.166666666666667,5,5.52,5.978696853741496,5.9204138321995465,6.18,5.972083333333334
2,190,43,1,6.714285714285714,7,7,6,7,6,7,7,NA,NA,NA,NA,NA,NA,NA,NA,NA,5,3.6666666666666665,4,5.3,5.685448924134871,5.575593692022263,5.62,6.003913043478261
2,191,NA,1,5.857142857142857,4,5,7,7,7,4,7,NA,NA,NA,NA,NA,NA,NA,NA,NA,5,4,5,6.22,6.118649315969172,6.4509302325581395,6.2208163265306125,5.735284894099484
2,192,45,1,7,7,7,7,7,7,7,7,NA,NA,NA,NA,NA,NA,NA,NA,NA,4,3.8333333333333335,4,5.04,6.25546958283776,6.339583333333334,5.8478260869565215,6.291063829787234
2,193,40,1,6.142857142857143,6,7,5,5,7,6,7,NA,NA,NA,NA,NA,NA,NA,NA,NA,4,4,4,4.64,6.188430775900136,6.1884237950499354,6.47,6.0476548899129545
2,194,43,1,7,7,7,7,7,7,7,7,NA,NA,NA,NA,NA,NA,NA,NA,NA,5,3.8333333333333335,5,6.56,6.158469634230504,6.071339285714286,5.69,6.586956521739131
2,195,34,2,6.285714285714286,6,6,6,7,7,5,7,NA,NA,NA,NA,NA,NA,NA,NA,NA,4,4,4,4.86,6.06989281566285,6.4113987058237925,5.16,6.183333333333334
2,196,45,1,4.857142857142857,5,4,4,7,4,6,4,NA,NA,NA,NA,NA,NA,NA,NA,NA,4,4.166666666666667,5,4.7,5.686955266955267,5.149777777777778,5.903265306122449,6.250272108843538
2,197,38,1,5.142857142857143,5,5,5,5,5,5,6,NA,NA,NA,NA,NA,NA,NA,NA,NA,4,3.8333333333333335,4,3.6,5.449345137264392,5.6145908956467965,5.02,5.416149068322982
2,198,42,1,6.571428571428571,6,7,6,6,7,7,7,NA,NA,NA,NA,NA,NA,NA,NA,NA,4,4.166666666666667,4,6.88,6.082397959183673,6.308673469387755,6.14,5.7614965986394555
2,199,NA,2,6.428571428571429,6,7,7,7,6,5,7,NA,NA,NA,NA,NA,NA,NA,NA,NA,4,3.8333333333333335,4,6.06,5.962045454545454,5.284090909090909,6.46,7
2,200,48,2,7,7,7,7,7,7,7,7,NA,NA,NA,NA,NA,NA,NA,NA,NA,5,3.8333333333333335,4,5.5,6.270486254526952,6.680674890006285,5.333333333333333,6.035952380952381
2,201,34,2,7,7,7,7,7,7,7,7,NA,NA,NA,NA,NA,NA,NA,NA,NA,5,4.5,4,5.52,5.795873015873016,NA,5.18,6.103809523809524
2,202,52,1,6.142857142857143,5,7,7,6,6,5,7,NA,NA,NA,NA,NA,NA,NA,NA,NA,5,4.333333333333333,5,5.63265306122449,5.678223876760006,NA,5.469387755102041,5.747835917312662
2,203,44,1,6.857142857142857,6,7,7,7,7,7,7,NA,NA,NA,NA,NA,NA,NA,NA,NA,4,4,4,4.58,5.6180470521541945,5.900816326530612,4.12,5.74037037037037
2,204,NA,2,7,7,7,7,7,7,7,7,NA,NA,NA,NA,NA,NA,NA,NA,NA,4,3.8333333333333335,4,6.26,6.378370440127743,6.537374062581268,6.446808510638298,6.037550505050505
2,205,41,1,6.857142857142857,7,7,7,6,7,7,7,NA,NA,NA,NA,NA,NA,NA,NA,NA,4,3.3333333333333335,4,5.72,6.018143054323179,NA,5.76304347826087,6.273242630385488
2,206,34,2,3.5714285714285716,2,2,4,6,5,2,4,NA,NA,NA,NA,NA,NA,NA,NA,NA,4,4.166666666666667,4,5.0212765957446805,5.895510204081632,NA,6.02,5.8540136054421765
2,207,49,1,6.285714285714286,6,6,7,6,6,6,7,NA,NA,NA,NA,NA,NA,NA,NA,NA,4,4,4,5.92,5.813860544217687,6.369897959183674,5.140000000000001,5.707063492063492
2,208,NA,2,7,7,7,7,7,7,7,7,NA,NA,NA,NA,NA,NA,NA,NA,NA,5,3.8333333333333335,5,5.14,5.505065789473685,6.875,6.06,4.542631578947368
2,209,38,2,6.428571428571429,6,7,7,6,6,6,7,NA,NA,NA,NA,NA,NA,NA,NA,NA,4,4.166666666666667,4,5.28,5.328316326530612,5.445034013605442,5.535306122448979,5.073605442176871
2,210,NA,1,7,7,7,7,7,7,7,7,NA,NA,NA,NA,NA,NA,NA,NA,NA,5,3.8333333333333335,4,4.92,5.839216966881499,6.304706533151642,5.673469387755102,5.415164295392954
2,211,40,1,4.857142857142857,5,6,6,6,5,3,3,NA,NA,NA,NA,NA,NA,NA,NA,NA,4,4.333333333333333,4,5.12,5.57452380952381,NA,5.666666666666667,5.543809523809524
2,212,55,1,6.142857142857143,1,7,7,7,7,7,7,NA,NA,NA,NA,NA,NA,NA,NA,NA,5,3.8333333333333335,5,6.04,5.755984042553192,5.474290780141844,6.2425,5.713333333333334
2,213,37,1,5.714285714285714,5,6,4,6,6,6,7,NA,NA,NA,NA,NA,NA,NA,NA,NA,5,4.5,5,5.54,5.1212357472539844,NA,4.402222222222223,5.480742509769866
2,214,42,1,6,6,6,6,6,6,6,6,NA,NA,NA,NA,NA,NA,NA,NA,NA,5,4.166666666666667,5,5.56,5.79,6.245,5.44,5.3
2,215,NA,2,6.714285714285714,7,7,7,7,7,5,7,NA,NA,NA,NA,NA,NA,NA,NA,NA,5,4.5,5,6.163265306122449,6.2004016500217105,6.416211463308728,5.44,6.166122448979592
2,216,35,2,5.714285714285714,6,7,5,6,5,4,7,NA,NA,NA,NA,NA,NA,NA,NA,NA,4,2.8333333333333335,4,5.26,6.343774207555363,NA,5.872340425531915,6.4616326530612245
2,217,38,1,6.857142857142857,7,7,7,7,7,6,7,NA,NA,NA,NA,NA,NA,NA,NA,NA,2,3,4,4.92,5.336683296545568,5.92,5.562222222222222,4.932255481980026
2,218,NA,1,5,4,4,5,6,6,4,6,NA,NA,NA,NA,NA,NA,NA,NA,NA,4,3.8333333333333335,4,4.82,5.824520568634484,6.019345780865538,5.3061224489795915,5.79148181011535
2,219,39,1,6.142857142857143,6,6,6,6,6,6,7,NA,NA,NA,NA,NA,NA,NA,NA,NA,4,3.8333333333333335,4,6.08,6.150611231726733,6.5075,6.25,5.896722463453466
2,220,34,1,5.285714285714286,6,3,6,7,7,1,7,NA,NA,NA,NA,NA,NA,NA,NA,NA,5,4.166666666666667,4,5.16,5.903361111111111,5.74,5.359999999999999,6.338402777777778
2,221,49,1,5.142857142857143,5,5,6,6,6,5,3,NA,NA,NA,NA,NA,NA,NA,NA,NA,3,2.5,2,5.22,5.1560106382978725,6.4,4.4375,4.980851063829787
2,222,39,1,6.571428571428571,7,6,7,7,6,6,7,NA,NA,NA,NA,NA,NA,NA,NA,NA,4,4.666666666666667,5,5.1,5.769082125603864,6.028347826086956,4.86,5.64
2,223,33,1,6.714285714285714,5,7,7,7,7,7,7,NA,NA,NA,NA,NA,NA,NA,NA,NA,5,2.3333333333333335,3,5.44,5.511979166666666,5.685277777777777,5.720000000000001,5.2
2,224,47,2,5.714285714285714,6,5,6,6,6,5,6,NA,NA,NA,NA,NA,NA,NA,NA,NA,4,3.6666666666666665,4,5.94,6.4722603586889305,6.533061224489796,5.78,6.66247990105133
2,225,NA,2,6.285714285714286,6,7,7,6,6,6,6,NA,NA,NA,NA,NA,NA,NA,NA,NA,4,4,4,5.25,4.089877551020408,NA,3.95,4.18312925170068
2,226,28,2,5.714285714285714,5,6,5,6,6,5,7,NA,NA,NA,NA,NA,NA,NA,NA,NA,4,3.3333333333333335,4,4.8478260869565215,6.445774001173929,6.914893617021276,6.068775510204082,6.399713438735178
2,227,33,1,6.142857142857143,6,6,7,6,6,6,6,NA,NA,NA,NA,NA,NA,NA,NA,NA,4,4.166666666666667,4,4.34,6.098666295106116,NA,5.398536585365854,6.298703355031905
2,228,48,1,5.571428571428571,5,6,4,6,6,5,7,NA,NA,NA,NA,NA,NA,NA,NA,NA,4,3.8333333333333335,4,6.08,6.194109706376127,6.166666666666666,5.800000000000001,6.362730804810361
2,229,54,1,5.714285714285714,5,6,6,6,6,5,6,NA,NA,NA,NA,NA,NA,NA,NA,NA,5,4.166666666666667,4,4.64,6.025309534148006,6.39,5.800000000000001,5.932388913012013
2,230,57,1,5.571428571428571,5,6,6,5,6,4,7,NA,NA,NA,NA,NA,NA,NA,NA,NA,4,4.666666666666667,4,6,5.040144784184312,4.553732686414066,6.12,5.166605143349329
2,231,NA,1,4.285714285714286,4,4,5,4,5,2,6,NA,NA,NA,NA,NA,NA,NA,NA,NA,4,3.5,4,5.040816326530612,6.402591402518454,6.8277551020408165,5.948723404255319,6.46
2,232,37,2,6.285714285714286,6,6,6,6,7,6,7,NA,NA,NA,NA,NA,NA,NA,NA,NA,5,3.8333333333333335,5,4.96,6.038352746006942,6.528951115329853,6.02,5.717404748460649
2,233,43,1,3.857142857142857,4,3,5,4,3,3,5,NA,NA,NA,NA,NA,NA,NA,NA,NA,4,3.5,3,4.8,6.199037076652277,6.242962962962963,6.399913156752063,6.0211938036084
2,234,43,1,5.714285714285714,4,6,5,6,6,6,7,NA,NA,NA,NA,NA,NA,NA,NA,NA,4,4.166666666666667,4,5.3,6.064496274700357,6.12030612244898,6.375,5.905185185185185
2,235,42,1,6,5,7,5,6,7,5,7,NA,NA,NA,NA,NA,NA,NA,NA,NA,5,4.666666666666667,5,5.6,6.554919669995658,6.716312056737589,5.816326530612245,6.682127659574467
2,236,NA,1,6.142857142857143,7,7,6,5,6,6,6,NA,NA,NA,NA,NA,NA,NA,NA,NA,4,2.6666666666666665,4,5.04,6.1574766011643085,6.024444444444445,5.627441860465116,6.522268089053803
2,237,34,2,4.857142857142857,4,5,4,5,5,5,6,NA,NA,NA,NA,NA,NA,NA,NA,NA,4,4.5,4,4.854166666666667,5.3519545082577,5.722743044189853,5.325454545454545,4.991765957446808
2,238,NA,1,6.571428571428571,6,7,7,6,7,6,7,NA,NA,NA,NA,NA,NA,NA,NA,NA,4,3.6666666666666665,4,4.96,5.869569739952719,NA,5.852222222222222,5.8811347517730495
2,239,37,2,5.571428571428571,6,6,5,6,6,4,6,NA,NA,NA,NA,NA,NA,NA,NA,NA,4,3.6666666666666665,3,5.38,6.354285714285714,6.6066666666666665,5.3,6.453333333333333
2,240,NA,2,5.428571428571429,6,6,6,6,6,6,2,NA,NA,NA,NA,NA,NA,NA,NA,NA,4,3.5,3,4.72,5.995460992907801,NA,5.88,6.053191489361701
2,241,39,1,6.714285714285714,7,7,7,6,7,7,6,NA,NA,NA,NA,NA,NA,NA,NA,NA,4,3.8333333333333335,4,4.74,6.230071213374785,6.463673469387755,5.3963636363636365,6.530123873873874
2,242,46,2,5.857142857142857,6,6,6,6,6,5,6,NA,NA,NA,NA,NA,NA,NA,NA,NA,5,3.5,5,4.92,6.006961649094925,6.385618710944137,5.279999999999999,5.897121146330873
2,243,40,1,5.571428571428571,2,6,6,6,6,7,6,NA,NA,NA,NA,NA,NA,NA,NA,NA,4,3.8333333333333335,5,5.040816326530612,6.600649350649351,6.5615151515151515,6.42,6.7
2,244,53,1,6,5,6,7,6,6,6,6,NA,NA,NA,NA,NA,NA,NA,NA,NA,5,4.333333333333333,4,5.84,5.681857103568482,5.82813829787234,4.84,5.810223266745005
2,245,35,1,6.571428571428571,7,7,7,7,7,4,7,NA,NA,NA,NA,NA,NA,NA,NA,NA,5,4.333333333333333,5,6.42,6.437766395095587,6.601449275362318,6.26,6.236683673469388
2,246,26,1,7,7,7,7,7,7,7,7,NA,NA,NA,NA,NA,NA,NA,NA,NA,5,3.6666666666666665,5,6.22,6.486785714285714,6.655,6.13375,6.52
2,247,44,2,6.142857142857143,6,6,6,6,6,6,7,NA,NA,NA,NA,NA,NA,NA,NA,NA,5,4.5,5,5.96,4.4038920658948415,NA,4.083333333333333,4.564171432175595
2,248,42,1,3.5714285714285716,3,4,4,1,1,5,7,NA,NA,NA,NA,NA,NA,NA,NA,NA,4,3.5,4,5.4,5.918157894736842,NA,5.24,6.144210526315789
2,249,36,1,4.571428571428571,2,7,5,4,5,2,7,NA,NA,NA,NA,NA,NA,NA,NA,NA,4,2.8333333333333335,4,6.204081632653061,5.186499545855962,5.481267345050879,5.0625,5.0313208616780045
2,250,53,2,6.571428571428571,6,7,7,6,7,6,7,NA,NA,NA,NA,NA,NA,NA,NA,NA,5,2.5,4,5.06,5.4,5.24,5.96,5.279999999999999
2,251,57,1,6,6,6,6,6,6,5,7,NA,NA,NA,NA,NA,NA,NA,NA,NA,5,3.5,5,5.28,5.73466472303207,5.790884353741497,5.62,5.716666666666667
2,252,47,1,5.714285714285714,6,6,3,6,6,6,7,NA,NA,NA,NA,NA,NA,NA,NA,NA,4,3.3333333333333335,4,4.86,6.072827596761657,6.118258503401361,5.8979591836734695,6.059756066734074
2,253,47,1,6.142857142857143,4,7,6,7,7,5,7,NA,NA,NA,NA,NA,NA,NA,NA,NA,5,3.8333333333333335,5,5.72,6.243050650520256,6.188140830800405,6.06,6.395583900226757
2,254,NA,NA,5.285714285714286,5,4,6,5,6,7,4,NA,NA,NA,NA,NA,NA,NA,NA,NA,NA,NA,NA,4.854166666666667,6.20469539730786,6.46,5.74468085106383,6.2729320451584885
2,255,41,1,7,7,7,7,7,7,7,7,NA,NA,NA,NA,NA,NA,NA,NA,NA,5,4.333333333333333,5,6,6.2444929371687,6.188808679500169,NA,6.328019323671498
2,256,42,1,7,7,7,7,7,7,7,7,NA,NA,NA,NA,NA,NA,NA,NA,NA,5,3.5,5,5.98,5.909873103087389,5.914204081632653,6.263333333333334,5.78844387755102
2,257,NA,2,5.714285714285714,4,7,5,7,6,5,6,NA,NA,NA,NA,NA,NA,NA,NA,NA,4,2.6666666666666665,5,4.12,5.749657758181145,6.127510766580534,5.770195578231293,5.162340425531915
2,258,37,1,6.142857142857143,6,6,6,7,7,4,7,NA,NA,NA,NA,NA,NA,NA,NA,NA,5,5,4,5.52,5.752488834096763,5.793302721088436,5.5,5.7594058911165344
2,259,NA,1,6.857142857142857,7,7,7,7,7,6,7,NA,NA,NA,NA,NA,NA,NA,NA,NA,5,4.333333333333333,4,5.081632653061225,5.765679830373708,6.113636363636363,5.693061224489796,5.715
2,260,46,2,6.142857142857143,6,6,7,6,6,6,6,NA,NA,NA,NA,NA,NA,NA,NA,NA,4,3.5,4,6.58,5.72909656106861,6.016756756756757,6.26,5.380625554569654
2,261,37,1,5.714285714285714,5,6,5,6,6,6,6,NA,NA,NA,NA,NA,NA,NA,NA,NA,5,4.333333333333333,4,4.96,6.007686825280369,6.121317122593718,6.0344827586206895,5.64
2,262,NA,1,5.285714285714286,6,5,6,6,6,3,5,NA,NA,NA,NA,NA,NA,NA,NA,NA,4,3.1666666666666665,4,5.918367346938775,5.608377892190311,5.2567375886524825,5.654081632653061,5.812335600907029
2,263,36,2,6.285714285714286,6,6,6,7,7,6,6,NA,NA,NA,NA,NA,NA,NA,NA,NA,4,3.3333333333333335,3,5.58,6.371119213989944,6.139693877551021,6.476828231292517,6.728260869565217
2,264,53,1,7,7,7,7,7,7,7,7,NA,NA,NA,NA,NA,NA,NA,NA,NA,5,4.333333333333333,5,6.5,6.84,6.74,6.88,6.8933333333333335
2,265,51,1,6.142857142857143,7,7,7,7,7,7,1,NA,NA,NA,NA,NA,NA,NA,NA,NA,5,4.333333333333333,5,5.42,6.603690476190476,6.82,6.35,6.628611111111111
2,266,40,1,6.857142857142857,7,7,6,7,7,7,7,NA,NA,NA,NA,NA,NA,NA,NA,NA,5,4.5,5,6.36,5.976677248677249,6.105,6.24,5.666031746031746
2,267,47,1,6.714285714285714,6,7,7,6,7,7,7,NA,NA,NA,NA,NA,NA,NA,NA,NA,5,4.833333333333333,4,5.408163265306122,5.6135958296362025,NA,5.949130434782608,5.278061224489796
2,268,34,2,6.571428571428571,7,7,7,7,7,6,5,NA,NA,NA,NA,NA,NA,NA,NA,NA,5,2.3333333333333335,4,5.3,5.945555555555556,5.873140096618357,5.64,6.20695652173913
2,269,41,2,7,7,7,7,7,7,7,7,NA,NA,NA,NA,NA,NA,NA,NA,NA,5,3.3333333333333335,3,5.816326530612245,5.745650510204082,6.026041666666666,5.286326530612245,5.9245833333333335
2,270,NA,1,7,7,7,7,7,7,7,7,NA,NA,NA,NA,NA,NA,NA,NA,NA,4,4.166666666666667,4,5.12,5.55136527470355,5.178936170212766,4.994146341463415,5.923224489795919
2,271,45,1,7,7,7,7,7,7,7,7,NA,NA,NA,NA,NA,NA,NA,NA,NA,5,4,4,5.18,6.37203765227021,NA,6.061224489795919,6.434200284765069
2,272,34,2,3.4285714285714284,3,3,2,4,4,3,5,NA,NA,NA,NA,NA,NA,NA,NA,NA,4,4,4,5.4,5.902311951473045,6.083333333333333,5.51063829787234,5.972529375386518
2,273,NA,1,6.428571428571429,6,7,6,7,6,6,7,NA,NA,NA,NA,NA,NA,NA,NA,NA,4,4.166666666666667,4,5.36,5.722975008443093,6.227407407407408,5.62,5.461505572441743
2,274,56,1,6.428571428571429,5,5,7,7,7,7,7,NA,NA,NA,NA,NA,NA,NA,NA,NA,5,3.3333333333333335,4,5.3,6.074633364973897,5.8242667299477935,6.08,6.406666666666666
2,275,30,2,7,7,7,7,7,7,7,7,NA,NA,NA,NA,NA,NA,NA,NA,NA,5,4.5,5,5.7,5.931875530562309,6.480861678004535,5.73469387755102,5.448616600790514
2,276,43,1,5.571428571428571,6,6,5,5,5,5,7,NA,NA,NA,NA,NA,NA,NA,NA,NA,4,3.6666666666666665,4,4.73469387755102,5.271752081406105,NA,5.308510638297872,5.247246376811594
2,277,51,1,6.285714285714286,6,7,7,6,5,6,7,NA,NA,NA,NA,NA,NA,NA,NA,NA,4,3.1666666666666665,4,4.56,6.03359693877551,6.383928571428571,5.744897959183673,5.56
2,278,36,1,6.285714285714286,6,7,6,6,7,6,6,NA,NA,NA,NA,NA,NA,NA,NA,NA,5,3.5,4,5.4,5.85215780141844,6.263936170212766,4.52625,6.1033333333333335
2,279,50,1,5.571428571428571,6,7,5,6,2,6,7,NA,NA,NA,NA,NA,NA,NA,NA,NA,5,3.3333333333333335,5,5.72,6.12058642870415,6.481195905248089,NA,5.519570634464252
2,280,NA,1,7,7,7,7,7,7,7,7,NA,NA,NA,NA,NA,NA,NA,NA,NA,4,4.833333333333333,5,5.94,6.012816506410257,5.996260683760684,5.59375,6.13
2,281,37,2,3.857142857142857,4,2,5,3,4,3,6,NA,NA,NA,NA,NA,NA,NA,NA,NA,4,4.333333333333333,3,4.92,5.352331262939959,5.282608695652174,5.16,5.43968253968254
2,282,38,1,6.428571428571429,6,7,6,6,6,7,7,NA,NA,NA,NA,NA,NA,NA,NA,NA,4,3.3333333333333335,3,5.62,6.340950721752115,6.49,6,6.355234776837564
2,283,38,2,6.285714285714286,6,7,4,7,6,7,7,NA,NA,NA,NA,NA,NA,NA,NA,NA,4,4.833333333333333,5,5.4,6.341859410430839,6.394795918367347,6.65938775510204,6.059591836734694
2,284,36,1,7,7,7,7,7,7,7,7,NA,NA,NA,NA,NA,NA,NA,NA,NA,5,3.8333333333333335,5,6.22,5.806666666666667,6.413333333333333,6.16,4.72
2,285,42,2,5.285714285714286,4,6,4,6,6,4,7,NA,NA,NA,NA,NA,NA,NA,NA,NA,4,4.5,4,5.84,5.33125,NA,4.12,5.735
2,286,33,2,6,5,6,6,6,6,6,7,NA,NA,NA,NA,NA,NA,NA,NA,NA,4,2.8333333333333335,4,5.36,5.572300477637864,NA,5.73734693877551,5.462269503546099
2,287,41,1,1.8571428571428572,1,1,1,1,1,1,7,NA,NA,NA,NA,NA,NA,NA,NA,NA,5,5,5,5.82,6.123330438558402,6.481768707482994,5.880000000000001,5.927112462006079
2,288,40,1,5.428571428571429,5,6,4,5,6,6,6,NA,NA,NA,NA,NA,NA,NA,NA,NA,5,3.1666666666666665,4,5.08,6.2045582379293185,6.528095238095238,5.876804380288701,6.206666666666667
2,289,47,1,7,7,7,7,7,7,7,7,NA,NA,NA,NA,NA,NA,NA,NA,NA,5,4.333333333333333,5,6.34,NA,NA,NA,NA
2,290,55,1,6.142857142857143,5,7,6,6,6,7,6,NA,NA,NA,NA,NA,NA,NA,NA,NA,4,4.166666666666667,4,5.78,5.9030555555555555,5.458333333333333,6.22,5.9350000000000005
2,291,NA,1,6.714285714285714,7,7,7,7,6,6,7,NA,NA,NA,NA,NA,NA,NA,NA,NA,4,2.8333333333333335,4,3.8,5.43,5.57,5.16,5.333333333333333
2,292,38,1,7,7,7,7,7,7,7,7,NA,NA,NA,NA,NA,NA,NA,NA,NA,4,4.333333333333333,5,6.142857142857143,5.851110080395795,NA,5.979591836734694,5.808282828282828
2,293,35,1,7,7,7,7,7,7,7,7,NA,NA,NA,NA,NA,NA,NA,NA,NA,5,4.5,4,5.52,6.093333333333333,NA,NA,6.093333333333333
2,294,30,1,6.571428571428571,7,7,7,5,6,7,7,NA,NA,NA,NA,NA,NA,NA,NA,NA,4,3.5,3,5,6.023192282251279,6.660790835181079,5.26530612244898,5.7344649075045036
2,295,39,1,4.857142857142857,4,7,2,7,5,2,7,NA,NA,NA,NA,NA,NA,NA,NA,NA,5,4.166666666666667,4,6.46,5.609572299363779,5.584484549138804,4.890000000000001,5.7735569594165135
2,296,NA,1,6.285714285714286,6,6,6,6,7,6,7,NA,NA,NA,NA,NA,NA,NA,NA,NA,5,3.8333333333333335,4,5.78,5.808949196699957,6.003510638297873,5.558775510204082,5.67
2,297,45,1,4.285714285714286,5,5,4,4,4,2,6,NA,NA,NA,NA,NA,NA,NA,NA,NA,4,4.166666666666667,4,5.84,6.535353445726116,6.5797278911564625,6.6938775510204085,6.3895297249334515
2,298,56,1,4.714285714285714,5,5,3,4,7,4,5,NA,NA,NA,NA,NA,NA,NA,NA,NA,4,3.6666666666666665,4,5.36,6.180242346938775,6.445,6.033469387755102,5.797499999999999
2,299,NA,2,7,7,7,7,7,7,7,7,NA,NA,NA,NA,NA,NA,NA,NA,NA,5,4.833333333333333,4,5.74,6.229004842168976,6.816388888888889,6.393673469387755,5.810706963249516
2,300,43,1,5.428571428571429,5,5,4,6,6,6,6,NA,NA,NA,NA,NA,NA,NA,NA,NA,4,3.3333333333333335,4,5.6938775510204085,5.96493941075248,6.084583333333333,6.061249999999999,5.7412071211463305
2,301,NA,1,6.714285714285714,7,7,7,6,7,6,7,NA,NA,NA,NA,NA,NA,NA,NA,NA,5,4.5,5,6.46,6.485,6.58,6.25,6.546666666666667
2,302,34,2,5.285714285714286,4,7,6,5,5,5,5,NA,NA,NA,NA,NA,NA,NA,NA,NA,3,2.6666666666666665,4,6,6.251428571428572,6.06,6.48,6.366666666666666
2,303,NA,2,6.285714285714286,6,7,6,5,6,7,7,NA,NA,NA,NA,NA,NA,NA,NA,NA,5,4,3,4.72,6.159904472427269,6.2842553191489365,6.185410334346504,6.06
2,304,45,1,5.857142857142857,5,6,7,5,6,5,7,NA,NA,NA,NA,NA,NA,NA,NA,NA,3,3.6666666666666665,4,5.510204081632653,5.907906602254428,6.46,6.222222222222222,5.435072463768116
2,305,36,2,6.285714285714286,5,7,7,6,6,6,7,NA,NA,NA,NA,NA,NA,NA,NA,NA,4,3.8333333333333335,4,6.285714285714286,5.989659863945578,5.667551020408164,5.877551020408164,6.2417687074829935
2,306,NA,1,4.285714285714286,3,5,5,5,5,2,5,NA,NA,NA,NA,NA,NA,NA,NA,NA,4,3.3333333333333335,4,6.34,6.3432045158488926,NA,6.326530612244898,6.348762483716891
2,307,35,1,6.142857142857143,5,6,7,6,7,5,7,NA,NA,NA,NA,NA,NA,NA,NA,NA,5,1.8333333333333333,3,5.22,5.885621621621621,NA,5.76,5.969369369369369
2,308,NA,1,5.285714285714286,4,7,4,5,6,4,7,NA,NA,NA,NA,NA,NA,NA,NA,NA,4,4,4,4.14,5.29405283617816,5.199077125906394,6.270833333333333,4.900638297872341
2,309,39,1,6.285714285714286,6,7,4,7,7,6,7,NA,NA,NA,NA,NA,NA,NA,NA,NA,4,4.666666666666667,5,5.46,6.2757240038872695,6.085034013605442,6.3100000000000005,6.38
2,310,NA,1,5.714285714285714,4,4,7,6,7,5,7,NA,NA,NA,NA,NA,NA,NA,NA,NA,5,4.333333333333333,5,5.44,5.469203118805339,5.511105457909343,5.54,5.35
2,311,51,1,7,7,7,7,7,7,7,7,NA,NA,NA,NA,NA,NA,NA,NA,NA,5,4.833333333333333,5,6.28,5.6613654033041785,5.60985260770975,6.42,5.46
2,312,41,1,6.142857142857143,5,7,5,6,7,6,7,NA,NA,NA,NA,NA,NA,NA,NA,NA,5,4.833333333333333,5,5.86,5.914836718644317,6.29209405501331,6.206046511627907,5.217687074829932
2,313,33,1,6.428571428571429,7,5,6,7,6,7,7,NA,NA,NA,NA,NA,NA,NA,NA,NA,5,3.3333333333333335,5,6.12,6.1223394268774705,NA,5.5725,6.305619235836627
2,314,30,2,6.285714285714286,6,6,6,7,6,7,6,NA,NA,NA,NA,NA,NA,NA,NA,NA,4,4.333333333333333,4,5.72,6.238509316770187,6.84,6.4,5.5831884057971015
2,315,44,1,6.571428571428571,7,7,5,7,7,6,7,NA,NA,NA,NA,NA,NA,NA,NA,NA,4,5,4,5.24,5.97262548849327,NA,5.24,6.155781860616587
2,316,43,2,5.285714285714286,4,7,6,5,4,4,7,NA,NA,NA,NA,NA,NA,NA,NA,NA,5,4.5,5,6.3,6.088092403628118,6.329583333333334,5.529999999999999,6.40469387755102
2,317,44,1,7,7,7,7,7,7,7,7,NA,NA,NA,NA,NA,NA,NA,NA,NA,4,4.166666666666667,4,5.98,5.857142857142858,5.78,5.79,5.91
2,318,44,1,6.285714285714286,6,6,7,7,6,6,6,NA,NA,NA,NA,NA,NA,NA,NA,NA,5,4.5,4,6.12,6.168086303939963,NA,5.2439024390243905,6.352923076923077
2,319,40,2,5.428571428571429,5,5,7,6,5,4,6,NA,NA,NA,NA,NA,NA,NA,NA,NA,3,2.5,3,5.755102040816326,5.59,NA,5.68,5.5
2,320,48,2,6.714285714285714,7,7,7,7,7,5,7,NA,NA,NA,NA,NA,NA,NA,NA,NA,5,4,5,6.04,5.8435526783247145,5.926808510638298,5.488775510204082,6.031818181818181
2,321,50,2,4.571428571428571,4,4,5,5,5,4,5,NA,NA,NA,NA,NA,NA,NA,NA,NA,4,3.6666666666666665,4,5.24,5.986721088435374,NA,6.06,5.968401360544218
2,322,NA,2,6.142857142857143,7,1,7,7,7,7,7,NA,NA,NA,NA,NA,NA,NA,NA,NA,5,4.166666666666667,4,5.7,6.171616731799102,6.336914893617021,NA,5.841020408163265
2,323,47,1,6.714285714285714,7,7,7,7,7,6,6,NA,NA,NA,NA,NA,NA,NA,NA,NA,5,4.333333333333333,5,6.02,6.525,6.54,6.58,6.486666666666666
2,324,29,1,6.428571428571429,7,7,6,6,6,6,7,NA,NA,NA,NA,NA,NA,NA,NA,NA,4,3.1666666666666665,4,5.54,5.819559167540534,6.13433465085639,5.2,5.9178231292517
2,325,NA,2,5.571428571428571,5,6,6,5,5,7,5,NA,NA,NA,NA,NA,NA,NA,NA,NA,4,5,5,5.52,6.376348965117963,6.555555555555555,6.571428571428571,6.067089303806629
2,326,36,1,5,6,6,6,4,5,3,5,NA,NA,NA,NA,NA,NA,NA,NA,NA,2,2.8333333333333335,2,5.36,5.228125960061444,NA,4.795918367346939,5.314567478604345
2,327,29,2,5.857142857142857,7,7,6,4,6,5,6,NA,NA,NA,NA,NA,NA,NA,NA,NA,3,3,4,5.04,6.344416726187143,6.569092223293054,5.96,6.301127214170692
2,328,42,2,6.714285714285714,7,6,7,6,7,7,7,NA,NA,NA,NA,NA,NA,NA,NA,NA,4,2.6666666666666665,4,4.78,6.73512189716312,6.761702127659574,6.807083333333333,6.61
2,329,44,1,6.428571428571429,7,7,6,7,5,6,7,NA,NA,NA,NA,NA,NA,NA,NA,NA,4,3.8333333333333335,4,5.24,5.556462585034014,5.926530612244898,NA,4.816326530612245
2,330,NA,2,6.571428571428571,6,6,7,7,6,7,7,NA,NA,NA,NA,NA,NA,NA,NA,NA,4,4.5,5,6.26,6.557339797061042,6.41915327833261,6.6,6.727368421052631
2,331,40,1,5.285714285714286,6,6,6,4,7,3,5,NA,NA,NA,NA,NA,NA,NA,NA,NA,4,3.6666666666666665,4,4.6938775510204085,5.456805786267996,4.56,5.853877551020409,5.477338237620629
2,332,33,1,7,7,7,7,7,7,7,7,NA,NA,NA,NA,NA,NA,NA,NA,NA,5,5,5,5.86,6.3342857142857145,6.506666666666667,5.74,6.36
2,333,39,2,5,3,6,3,7,5,5,6,NA,NA,NA,NA,NA,NA,NA,NA,NA,4,4.333333333333333,4,5.68,6.523356973995272,6.5600000000000005,6.46,6.520047281323877
2,334,29,2,5,6,6,6,4,5,4,4,NA,NA,NA,NA,NA,NA,NA,NA,NA,5,4.666666666666667,4,4.6,6.382350850699688,6.558139534883721,6.942857142857143,6.136919191919192
2,335,45,1,6.714285714285714,5,7,7,7,7,7,7,NA,NA,NA,NA,NA,NA,NA,NA,NA,4,2.6666666666666665,3,5.48,6.240674945962135,6.638245614035087,6.23,6.006402523503216
2,336,46,1,5.714285714285714,6,6,7,6,7,2,6,NA,NA,NA,NA,NA,NA,NA,NA,NA,4,3.1666666666666665,4,4.54,6.0450255102040815,6.571292517006803,5.816326530612245,5.7075000000000005
2,337,36,2,6.142857142857143,6,6,6,6,7,6,6,NA,NA,NA,NA,NA,NA,NA,NA,NA,4,3.6666666666666665,4,6.06,6.249965805471125,6.1799487082066875,6.390000000000001,NA
2,338,32,2,5.714285714285714,3,4,7,6,6,7,7,NA,NA,NA,NA,NA,NA,NA,NA,NA,3,4.166666666666667,5,5.48,6.361031746031746,6.764722222222223,4.625,6.536018518518518
2,339,53,2,6.571428571428571,6,7,7,6,6,7,7,NA,NA,NA,NA,NA,NA,NA,NA,NA,5,4.166666666666667,5,5.78,5.8271428571428565,6.377551020408163,4.68,5.842585034013605
2,340,NA,1,6.142857142857143,6,7,6,6,6,5,7,NA,NA,NA,NA,NA,NA,NA,NA,NA,4,3.3333333333333335,4,5.44,5.636134711567842,5.905904195011338,6.04,4.624893617021277
2,341,44,1,5.857142857142857,5,5,7,7,6,5,6,NA,NA,NA,NA,NA,NA,NA,NA,NA,4,3.3333333333333335,4,5.8,6.261305474570781,6.415759637188208,5.52,6.353953136810279
2,342,47,2,6,6,6,7,6,6,5,6,NA,NA,NA,NA,NA,NA,NA,NA,NA,4,3.5,3,4.26,4.911404101140919,4.009361702127659,5.699166666666667,5.4195652173913045
2,343,29,1,7,7,7,7,7,7,7,7,NA,NA,NA,NA,NA,NA,NA,NA,NA,5,4.5,5,5.68,6.284628964416198,6.340618955512572,5.0476190476190474,6.819148936170213
2,344,38,1,6.285714285714286,6,7,7,6,6,5,7,NA,NA,NA,NA,NA,NA,NA,NA,NA,4,4.166666666666667,3,4.82,5.447708825847124,5.4125,5.74,5.299793144208038
2,345,41,1,3.4285714285714284,2,4,2,3,6,3,4,NA,NA,NA,NA,NA,NA,NA,NA,NA,5,3.5,4,5.72,6.412557740421397,6.585555555555556,6.76,6.123745838761036
2,346,36,1,5.714285714285714,4,7,6,6,6,5,6,NA,NA,NA,NA,NA,NA,NA,NA,NA,5,4,5,5.86,6.445714285714286,6.593333333333334,6.029999999999999,6.64
2,347,40,1,4.857142857142857,3,5,6,5,5,3,7,NA,NA,NA,NA,NA,NA,NA,NA,NA,4,3.6666666666666665,5,6.212765957446808,5.557145631302166,5.097671957671958,6.06,5.8490011820330965
2,348,36,1,5.571428571428571,5,6,4,6,6,5,7,NA,NA,NA,NA,NA,NA,NA,NA,NA,4,3.1666666666666665,4,5.78,6.190158367208672,6.046666666666667,6.477083333333333,6.142366757000904
2,349,32,1,5.714285714285714,5,6,7,5,6,5,6,NA,NA,NA,NA,NA,NA,NA,NA,NA,4,3.6666666666666665,5,5.32,5.76530612244898,5.906997084548105,5.43,5.6850000000000005
2,350,45,1,5.428571428571429,4,5,5,7,7,3,7,NA,NA,NA,NA,NA,NA,NA,NA,NA,5,4.166666666666667,5,5.72,6.195595238095239,6.344166666666666,5.888333333333334,6.28
2,351,41,1,3.7142857142857144,3,3,4,3,3,4,6,NA,NA,NA,NA,NA,NA,NA,NA,NA,2,3.1666666666666665,3,5,5.556824016563147,NA,5.710869565217392,5.454126984126984
2,352,42,1,4.285714285714286,4,4,5,3,5,3,6,NA,NA,NA,NA,NA,NA,NA,NA,NA,4,3.1666666666666665,4,4.2,5.5859375,4.9425,5.8100000000000005,6.08
2,353,65,1,6,4,7,7,7,7,3,7,NA,NA,NA,NA,NA,NA,NA,NA,NA,5,5,5,6.22,6.056281179138322,6.334149659863946,6.095238095238095,5.62
2,354,41,1,6.428571428571429,7,7,5,7,7,5,7,NA,NA,NA,NA,NA,NA,NA,NA,NA,5,2.6666666666666665,4,5.96,5.6080417977467665,6.050799319727891,5.9,4.908615794143745
2,355,NA,1,6.142857142857143,6,7,6,7,7,5,5,NA,NA,NA,NA,NA,NA,NA,NA,NA,5,5,5,4.52,5.628571428571429,5.82,6.4,5.18
2,356,30,2,4,4,2,4,4,5,4,5,NA,NA,NA,NA,NA,NA,NA,NA,NA,5,3.8333333333333335,4,5.14,5.973788500506585,6.012708333333333,5.795102040816326,6.024211897524967
2,357,39,1,6.571428571428571,7,7,7,6,6,6,7,NA,NA,NA,NA,NA,NA,NA,NA,NA,4,3.5,4,5.66,5.72538999450712,5.677952898550725,5.75,5.80795918367347
2,358,NA,2,6.428571428571429,7,7,7,6,6,5,7,NA,NA,NA,NA,NA,NA,NA,NA,NA,4,4.5,5,5.58,5.787482993197279,NA,5.883673469387755,5.739387755102041
2,359,38,2,6.714285714285714,6,6,7,7,7,7,7,NA,NA,NA,NA,NA,NA,NA,NA,NA,4,3.8333333333333335,3,5.54,6.126028368794326,6.3933333333333335,5.82,5.9361702127659575
2,360,NA,1,6.857142857142857,7,7,7,7,7,7,6,NA,NA,NA,NA,NA,NA,NA,NA,NA,5,4.166666666666667,4,4.78,5.102083333333333,5.626666666666667,5.2683333333333335,4.466666666666667
2,361,NA,2,6.285714285714286,7,7,6,6,7,5,6,NA,NA,NA,NA,NA,NA,NA,NA,NA,5,4,5,5.8,4.881020408163265,5.3933333333333335,4.594081632653061,4.56
2,362,40,1,6.857142857142857,7,7,7,7,7,6,7,NA,NA,NA,NA,NA,NA,NA,NA,NA,5,4.833333333333333,5,5.92,6.4210714285714285,6.481714285714286,5.66,6.65
2,363,NA,1,7,7,7,7,7,7,7,7,NA,NA,NA,NA,NA,NA,NA,NA,NA,5,5,5,6.38,6.272656007691831,6.427218410768563,6.46,5.3125
2,364,51,1,6,6,6,6,5,6,6,7,NA,NA,NA,NA,NA,NA,NA,NA,NA,4,3,3,5.56,5.657703335720253,5.456377551020408,6.36,5.5578216374269
2,365,NA,1,3.7142857142857144,2,6,4,3,2,3,6,NA,NA,NA,NA,NA,NA,NA,NA,NA,4,2.1666666666666665,4,5.86,6.149047619047619,6.371428571428572,5.64,6.07
2,366,41,1,7,7,7,7,7,7,7,7,NA,NA,NA,NA,NA,NA,NA,NA,NA,5,4.666666666666667,4,5.12,5.323081395348837,4.9875,5.02,5.75968992248062
2,367,40,1,6,6,6,6,6,6,6,6,NA,NA,NA,NA,NA,NA,NA,NA,NA,4,3.6666666666666665,3,5.3,5.103393321770717,5.3438331854480925,5.851063829787234,4.693876576646961
2,368,43,1,5,4,7,5,7,6,2,4,NA,NA,NA,NA,NA,NA,NA,NA,NA,5,3,3,5.24,5.802620391621694,5.532127659574468,6.530612244897959,5.9796099290780145
2,369,35,1,6.142857142857143,6,6,7,5,7,6,6,NA,NA,NA,NA,NA,NA,NA,NA,NA,4,4,5,6.38,5.760372260015117,5.894170068027211,5.54,5.610833333333333
2,370,45,1,6.142857142857143,6,6,7,6,6,7,5,NA,NA,NA,NA,NA,NA,NA,NA,NA,5,3.6666666666666665,3,5.395833333333333,6.1219024231384305,NA,6.13265306122449,6.118318877109743
2,371,NA,1,7,7,7,7,7,7,7,7,NA,NA,NA,NA,NA,NA,NA,NA,NA,5,3.8333333333333335,4,5.32,6.6165491870507065,6.631987262990303,6.78,6.511666666666667
2,372,46,1,7,7,7,7,7,7,7,7,NA,NA,NA,NA,NA,NA,NA,NA,NA,4,4.166666666666667,4,5.32,6.445714285714286,6.473333333333334,6.44,6.42
2,373,NA,1,6.428571428571429,7,7,6,7,6,5,7,NA,NA,NA,NA,NA,NA,NA,NA,NA,5,3.6666666666666665,4,5.22,5.565664847334283,5.275277777777778,5.977142857142857,5.589767441860465
2,374,NA,2,4.857142857142857,5,6,6,5,6,5,1,NA,NA,NA,NA,NA,NA,NA,NA,NA,5,3.8333333333333335,4,5.52,6.109710144927536,6.349130434782609,6.2,5.92
2,375,37,2,6.428571428571429,7,7,7,7,7,7,3,NA,NA,NA,NA,NA,NA,NA,NA,NA,5,3.1666666666666665,4,4.82,5.747022241520722,NA,5.798167848699764,5.712925170068027
2,376,36,2,6.857142857142857,7,7,6,7,7,7,7,NA,NA,NA,NA,NA,NA,NA,NA,NA,5,4.666666666666667,5,6.3,5.542282030527289,5.8649275362318845,5,5.3294547872340425
2,377,45,2,7,7,7,7,7,7,7,7,NA,NA,NA,NA,NA,NA,NA,NA,NA,5,3.3333333333333335,4,5.68,5.990720720720721,6.723333333333334,5.88,5.050810810810811
2,378,NA,2,6.714285714285714,7,7,7,7,7,7,5,NA,NA,NA,NA,NA,NA,NA,NA,NA,4,3.5,3,5.36,5.7428552444233505,NA,5.936938775510204,5.613466223698782
2,379,39,1,6.714285714285714,7,7,7,7,5,7,7,NA,NA,NA,NA,NA,NA,NA,NA,NA,5,3.8333333333333335,4,4.2,5.893328294280675,6.011836734693878,6.16,5.671111111111111
2,380,41,1,6.571428571428571,7,7,4,7,7,7,7,NA,NA,NA,NA,NA,NA,NA,NA,NA,5,4,5,6.1,5.94,6.125,6.23,5.5
2,381,44,1,7,7,7,7,7,7,7,7,NA,NA,NA,NA,NA,NA,NA,NA,NA,4,4.666666666666667,4,6.4,5.949898648648649,6.168626126126126,NA,5.731171171171171
2,382,42,1,6,6,6,6,5,7,5,7,NA,NA,NA,NA,NA,NA,NA,NA,NA,5,4.5,5,5.28,5.858653381642512,5.5529166666666665,6.6,5.81536231884058
2,383,54,2,7,7,7,7,7,7,7,7,NA,NA,NA,NA,NA,NA,NA,NA,NA,5,5,4,6.12,5.655,5.926666666666667,5.74,5.326666666666666
2,384,41,1,5.428571428571429,5,7,6,5,5,4,6,NA,NA,NA,NA,NA,NA,NA,NA,NA,4,2.6666666666666665,4,5.78,6.340571055050383,6.2150522394781875,6.104489795918367,6.615510204081633
2,385,44,1,6.142857142857143,6,6,6,6,7,6,6,NA,NA,NA,NA,NA,NA,NA,NA,NA,4,4,5,5.56,5.984832364717014,5.954814814814815,5.948979591836735,6.065711462450593
2,386,36,1,5.714285714285714,6,5,7,6,5,6,5,NA,NA,NA,NA,NA,NA,NA,NA,NA,5,3.5,4,4.68,5.077425044091711,5.414206349206349,5.33,4.46
2,387,34,1,5.714285714285714,3,7,5,6,6,6,7,NA,NA,NA,NA,NA,NA,NA,NA,NA,4,4.666666666666667,4,5.591836734693878,5.848329940060061,5.922242254903812,5.197959183673469,6.049348390739695
2,388,31,1,7,7,7,7,7,7,7,7,NA,NA,NA,NA,NA,NA,NA,NA,NA,5,3.6666666666666665,4,5.32,6.34140706573327,6.88,6.3061224489795915,6.089752906976744
2,389,41,2,6.428571428571429,5,7,7,7,7,5,7,NA,NA,NA,NA,NA,NA,NA,NA,NA,4,4.833333333333333,5,5.82,6.088419759909121,6.256934240362812,5.7482993197278915,6.047836879432624
2,390,NA,1,5.285714285714286,6,5,4,5,6,6,5,NA,NA,NA,NA,NA,NA,NA,NA,NA,4,2,5,4.92,5.744262502479321,6.126359338061466,5.4399999999999995,5.437641723356009
2,391,50,1,7,7,7,7,7,7,7,7,NA,NA,NA,NA,NA,NA,NA,NA,NA,5,4.5,5,5.38,5.897878787878788,5.94,6,5.783636363636363
2,392,58,1,5.285714285714286,6,5,7,4,6,5,4,NA,NA,NA,NA,NA,NA,NA,NA,NA,4,3.3333333333333335,3,5.7,5.674302059496568,NA,5.04,5.8857360793287565
2,393,44,1,6.142857142857143,6,7,4,6,6,7,7,NA,NA,NA,NA,NA,NA,NA,NA,NA,5,3,4,5,5.735350367789392,6.3805555555555555,5.3100000000000005,5.588780487804878
2,394,31,2,6.428571428571429,7,5,5,7,7,7,7,NA,NA,NA,NA,NA,NA,NA,NA,NA,5,3.8333333333333335,5,5.8,6.56843537414966,NA,6.529999999999999,6.58765306122449
2,395,NA,2,5.714285714285714,7,6,6,7,7,6,1,NA,NA,NA,NA,NA,NA,NA,NA,NA,5,4,5,6.04,6.332056737588652,6.363085106382979,NA,6.27
2,396,36,2,6.285714285714286,7,6,5,7,7,5,7,NA,NA,NA,NA,NA,NA,NA,NA,NA,4,3.6666666666666665,4,5,6.016823614394537,6.526666666666666,5.83625,5.724728132387707
2,397,48,1,6.142857142857143,6,6,6,6,6,6,7,NA,NA,NA,NA,NA,NA,NA,NA,NA,4,3.6666666666666665,4,5.98,5.118115501519757,5.24,4.98,5.042269503546099
2,398,52,2,6.714285714285714,6,6,7,7,7,7,7,NA,NA,NA,NA,NA,NA,NA,NA,NA,4,4,4,5.6,5.987274263676703,6.201105769230769,6.234196117471379,5.537551020408164
2,399,NA,1,6.857142857142857,7,7,6,7,7,7,7,NA,NA,NA,NA,NA,NA,NA,NA,NA,5,3.3333333333333335,5,5.428571428571429,6.257215332422538,6.417195121951219,6.425531914893617,5.448979591836735
2,400,NA,1,6.428571428571429,6,7,7,6,7,6,6,NA,NA,NA,NA,NA,NA,NA,NA,NA,5,4,5,6.38,6.271616415183095,6.4538690476190474,6.083617021276596,6.274489795918368
2,401,44,1,6.571428571428571,6,7,7,6,7,6,7,NA,NA,NA,NA,NA,NA,NA,NA,NA,5,4.5,5,5.56,5.660367346938775,5.980918367346939,5.4399999999999995,5.45
2,402,46,1,5.857142857142857,6,6,6,6,5,5,7,NA,NA,NA,NA,NA,NA,NA,NA,NA,4,4,4,5.28,6.173586005830904,6.779999999999999,5.48,6.043775510204082
2,403,50,2,5.571428571428571,5,6,6,4,6,5,7,NA,NA,NA,NA,NA,NA,NA,NA,NA,4,3.8333333333333335,4,5.16,4.928749714670158,5.610931677018634,4.414897959183674,4.361741601863183
2,404,52,1,6.857142857142857,7,7,6,7,7,7,7,NA,NA,NA,NA,NA,NA,NA,NA,NA,4,3.6666666666666665,5,4.22,5.677555370985604,5.668611111111111,5.12,5.872351421188631
2,405,42,2,5.428571428571429,4,6,5,6,6,4,7,NA,NA,NA,NA,NA,NA,NA,NA,NA,4,4,4,6.12,6.220682110682111,6.152222222222222,6.18,6.302702702702703
2,406,NA,1,6,7,5,6,6,5,6,7,NA,NA,NA,NA,NA,NA,NA,NA,NA,5,4.666666666666667,4,5.56,5.536459327366559,5.557346938775511,5.02,5.672083357237605
2,407,45,2,7,7,7,7,7,7,7,7,NA,NA,NA,NA,NA,NA,NA,NA,NA,5,4.666666666666667,5,6.16,5.451920432657515,5.721503401360544,5.779999999999999,5.117908102957495
2,408,NA,2,6.285714285714286,5,7,4,7,7,7,7,NA,NA,NA,NA,NA,NA,NA,NA,NA,5,4.166666666666667,5,5.8,6.399316996704215,6.505504971219257,6.833333333333334,6.102667847503374
2,409,46,1,6.571428571428571,6,7,6,7,7,6,7,NA,NA,NA,NA,NA,NA,NA,NA,NA,5,3.5,5,5.18,6.128155408059881,6.131156462585034,6.553191489361702,5.983475659767453
2,410,NA,1,5.571428571428571,7,7,5,6,3,4,7,NA,NA,NA,NA,NA,NA,NA,NA,NA,4,3.5,4,5.36,5.824703417150226,NA,5.72,5.877055125725338
2,411,35,1,6.857142857142857,7,6,7,7,7,7,7,NA,NA,NA,NA,NA,NA,NA,NA,NA,5,4.833333333333333,5,5.64,6.230928861788618,6.60154810298103,4.92,5.926666666666667
2,412,44,1,5.714285714285714,5,7,5,5,7,4,7,NA,NA,NA,NA,NA,NA,NA,NA,NA,5,4.166666666666667,5,5.42,5.7704336734693875,6.1575,5.636734693877551,5.13
2,413,NA,2,6.571428571428571,6,7,7,7,7,5,7,NA,NA,NA,NA,NA,NA,NA,NA,NA,4,4.333333333333333,4,4.96,6.299724963168534,6.557127659574468,6.002083333333333,6.154949121184089
2,414,42,1,6,7,2,7,5,7,7,7,NA,NA,NA,NA,NA,NA,NA,NA,NA,4,3.5,3,4.8,5.889537037037037,6.383333333333333,5.60625,5.42
2,415,NA,1,5,6,6,6,5,5,2,5,NA,NA,NA,NA,NA,NA,NA,NA,NA,4,3.8333333333333335,4,5.12,6.043003421309873,6.178636363636364,5.86,5.863239247311828
2,416,NA,1,5.142857142857143,5,3,6,6,6,3,7,NA,NA,NA,NA,NA,NA,NA,NA,NA,4,4.333333333333333,4,4.571428571428571,5.17265306122449,5.026367346938775,4.74,5.5606802721088435
2,417,45,1,6.714285714285714,6,7,6,7,7,7,7,NA,NA,NA,NA,NA,NA,NA,NA,NA,5,5,4,5.14,6.083537234042553,6.411574468085107,5.86,5.729375
2,418,50,1,6.142857142857143,6,6,7,6,6,6,6,NA,NA,NA,NA,NA,NA,NA,NA,NA,5,4.666666666666667,5,5.58,6.0027465986394555,6.122448979591836,5.14,6.188507653061224
2,419,46,1,5.714285714285714,4,4,7,7,7,4,7,NA,NA,NA,NA,NA,NA,NA,NA,NA,5,4.5,4,6.74,6.660547112462006,6.666666666666667,6.514042553191489,6.797872340425532
2,420,NA,1,5.285714285714286,5,5,7,5,6,3,6,NA,NA,NA,NA,NA,NA,NA,NA,NA,4,2.6666666666666665,4,4.34,6.245668903430937,6.358378623188406,6.591836734693878,5.98
2,421,NA,1,5.857142857142857,5,6,7,5,6,5,7,NA,NA,NA,NA,NA,NA,NA,NA,NA,4,3.5,4,5.18,5.55869387755102,5.493367346938776,5.82,NA
2,422,NA,NA,6.857142857142857,7,7,7,6,7,7,7,NA,NA,NA,NA,NA,NA,NA,NA,NA,NA,3.5,NA,5.22,4.70191029651706,4.250348639455782,4.382978723404255,5.41030303030303
2,423,NA,1,7,7,7,7,7,7,7,7,NA,NA,NA,NA,NA,NA,NA,NA,NA,5,4.333333333333333,3,5.76,6.146997314292147,6.579383412939644,5.589387755102041,5.942222222222222
2,424,NA,1,6.714285714285714,7,7,7,7,7,5,7,NA,NA,NA,NA,NA,NA,NA,NA,NA,4,4.333333333333333,4,5.8,6.093276595744681,6.233191489361703,5.9,6.05
2,425,NA,1,7,7,7,7,7,7,7,7,NA,NA,NA,NA,NA,NA,NA,NA,NA,4,4.333333333333333,4,6.22,5.741828703703704,6.492,5.28,5.176388888888889
2,426,NA,1,6,6,7,6,6,5,5,7,NA,NA,NA,NA,NA,NA,NA,NA,NA,3,4.333333333333333,4,4.510204081632653,6.383636363636364,6.04,6.54,6.623030303030303
2,427,49,1,5.714285714285714,6,6,6,5,5,6,6,NA,NA,NA,NA,NA,NA,NA,NA,NA,3,2.6666666666666665,3,5.9,5.7337096088435375,5.709444444444444,5.507755102040816,5.908611111111111
2,428,NA,1,6.285714285714286,7,7,4,6,6,7,7,NA,NA,NA,NA,NA,NA,NA,NA,NA,5,3.1666666666666665,5,5.653061224489796,5.528148148148148,NA,5.8,5.392222222222222
2,429,56,2,3.4285714285714284,4,1,5,5,5,1,3,NA,NA,NA,NA,NA,NA,NA,NA,NA,5,2.6666666666666665,4,5.56,6.317870569280344,NA,6.375,6.260741138560688
2,430,43,1,7,7,7,7,7,7,7,7,NA,NA,NA,NA,NA,NA,NA,NA,NA,4,3,4,5.1,5.845486350384309,6.42,5.3100000000000005,5.819468150896722
2,431,52,1,6.428571428571429,6,7,7,6,7,5,7,NA,NA,NA,NA,NA,NA,NA,NA,NA,3,3.1666666666666665,4,4.469387755102041,5.011337868480726,NA,4.666666666666667,5.183673469387755
2,432,30,1,6.428571428571429,7,6,5,7,6,7,7,NA,NA,NA,NA,NA,NA,NA,NA,NA,4,3.1666666666666665,4,5.18,6.081161392093069,5.72,6.640000000000001,6.072613132209406
2,433,40,1,6.428571428571429,7,7,7,6,6,6,6,NA,NA,NA,NA,NA,NA,NA,NA,NA,5,4,5,5.74,5.825428064989932,6.072439367454565,6.18,5.0485406134142234
2,434,43,1,6.285714285714286,5,7,4,7,7,7,7,NA,NA,NA,NA,NA,NA,NA,NA,NA,5,3.3333333333333335,5,5.92,6.35,6.428,6.43,6.166666666666667
2,435,60,2,3.2857142857142856,4,1,5,4,4,1,4,NA,NA,NA,NA,NA,NA,NA,NA,NA,5,2.8333333333333335,5,4.9,6.298612244897959,6.653061224489796,4.6,6.746666666666667
2,436,50,1,6,5,5,7,6,6,6,7,NA,NA,NA,NA,NA,NA,NA,NA,NA,4,4.333333333333333,5,5.86,6.462424242424243,6.585,5.96,6.468484848484849
2,437,52,1,5.857142857142857,5,7,6,5,6,5,7,NA,NA,NA,NA,NA,NA,NA,NA,NA,4,3.6666666666666665,5,5.84,5.8403210385809174,5.905926418439717,5.29,6.1197278911564625
2,438,35,2,5.857142857142857,6,6,5,6,6,5,7,NA,NA,NA,NA,NA,NA,NA,NA,NA,4,3.6666666666666665,4,5.92,5.947283439702795,5.9487455197132615,5.896486486486486,5.980173355173355
2,439,NA,2,5.714285714285714,4,6,5,6,7,5,7,NA,NA,NA,NA,NA,NA,NA,NA,NA,4,4.5,4,5.02,6.169947032685128,6.1824501133786844,6.06,6.185757575757576
2,440,40,1,6.714285714285714,6,7,7,6,7,7,7,NA,NA,NA,NA,NA,NA,NA,NA,NA,5,4,3,4.52,5.3859545068027215,5.224489795918368,5.62,5.448541666666667
2,441,48,1,6.142857142857143,6,6,6,7,7,4,7,NA,NA,NA,NA,NA,NA,NA,NA,NA,4,4.666666666666667,4,6.326530612244898,5.879889184397163,NA,5.875,5.88151891252955
2,442,41,1,6.428571428571429,5,7,6,7,7,6,7,NA,NA,NA,NA,NA,NA,NA,NA,NA,4,4,4,4.98,6.066070796126036,6.287588495157545,5.18,NA
2,443,45,2,6.428571428571429,7,5,7,7,7,5,7,NA,NA,NA,NA,NA,NA,NA,NA,NA,4,4.5,4,5.8,5.86471603716532,6.484113475177305,4.94,5.553557278208441
2,444,NA,1,6.285714285714286,6,6,6,6,6,7,7,NA,NA,NA,NA,NA,NA,NA,NA,NA,5,3.6666666666666665,5,5.46,5.681060935012303,5.607468519322623,5.755714285714285,5.68
2,445,34,2,6.857142857142857,7,7,7,7,7,6,7,NA,NA,NA,NA,NA,NA,NA,NA,NA,4,4.166666666666667,4,6.1,6.67716924564797,6.897222222222222,6.19,6.740005157962605
2,446,NA,1,4.285714285714286,3,5,5,4,5,3,5,NA,NA,NA,NA,NA,NA,NA,NA,NA,4,4.5,4,5.6,5.886326530612245,5.795510204081633,6.09,5.841360544217687
2,447,NA,NA,5.428571428571429,6,5,6,5,5,5,6,NA,NA,NA,NA,NA,NA,NA,NA,NA,NA,NA,NA,5.36,6.017297003907946,NA,6.204081632653061,5.9550354609929075
2,448,39,1,6.571428571428571,7,7,6,7,6,6,7,NA,NA,NA,NA,NA,NA,NA,NA,NA,5,3.3333333333333335,5,5.2,6.258377046512385,6.545,5.54,6.1727540930247695
2,449,44,2,6,4,7,5,7,7,5,7,NA,NA,NA,NA,NA,NA,NA,NA,NA,4,4.833333333333333,4,5.8,5.979659863945578,5.827319727891156,5.96,6.246666666666667
2,450,52,1,6,5,6,6,6,7,6,6,NA,NA,NA,NA,NA,NA,NA,NA,NA,4,3.1666666666666665,4,4.88,5.687470449172577,6.285,4.02,5.506808510638298
2,451,38,1,5.857142857142857,4,6,3,7,7,7,7,NA,NA,NA,NA,NA,NA,NA,NA,NA,5,4.333333333333333,3,5.081632653061225,5.99922902494331,6.26,5.54,6.065381708238851
2,452,42,1,6.142857142857143,7,7,7,6,5,5,6,NA,NA,NA,NA,NA,NA,NA,NA,NA,4,3.3333333333333335,4,4.84,5.26497997997998,4.854166666666667,5.360833333333334,5.748828828828829
2,453,46,1,6.142857142857143,6,7,7,6,7,4,6,NA,NA,NA,NA,NA,NA,NA,NA,NA,5,4.333333333333333,5,6.510204081632653,5.8741666666666665,5.8597222222222225,5.84,5.9
2,454,50,1,7,7,NA,7,7,7,NA,NA,NA,NA,NA,NA,NA,NA,NA,NA,NA,5,3.8333333333333335,5,6.08,6.331958185448093,6.2926109139307895,6.32,6.58
2,455,NA,2,7,7,7,7,7,7,7,7,NA,NA,NA,NA,NA,NA,NA,NA,NA,4,4.166666666666667,4,5.58,4.94,5.155,4.84,4.5600000000000005
2,456,NA,1,5.714285714285714,5,5,7,6,7,4,6,NA,NA,NA,NA,NA,NA,NA,NA,NA,4,4,4,5.5,6.154792775805975,6.0235438849452825,5.92,6.408055555555555
2,457,NA,1,6.285714285714286,5,7,6,6,7,6,7,NA,NA,NA,NA,NA,NA,NA,NA,NA,3,4.5,5,6.36,6.614711246200608,6.426666666666667,6.64,6.794326241134752
2,458,45,1,5.714285714285714,6,5,5,6,7,5,6,NA,NA,NA,NA,NA,NA,NA,NA,NA,5,3.8333333333333335,5,5.68,5.636785714285715,5.7315000000000005,NA,5.4
2,459,55,1,6.857142857142857,7,7,7,7,7,7,6,NA,NA,NA,NA,NA,NA,NA,NA,NA,4,3.3333333333333335,4,5.26530612244898,5.935476609953354,6.0103387188208615,6.285714285714286,5.827195591414861
2,460,40,1,4.714285714285714,3,4,4,5,6,4,7,NA,NA,NA,NA,NA,NA,NA,NA,NA,4,3.6666666666666665,4,4.76,5.93928226363009,6.307487922705314,6.08,5.72
2,461,39,1,5.714285714285714,5,5,6,6,6,6,6,NA,NA,NA,NA,NA,NA,NA,NA,NA,4,2.8333333333333335,3,4.857142857142857,5.656902332361516,6.309579081632653,NA,4.786666666666666
2,462,48,1,6,6,6,7,5,5,7,6,NA,NA,NA,NA,NA,NA,NA,NA,NA,5,4,4,5.933333333333334,6.378986357531632,6.282695035460993,6.64,6.388273132112816
2,463,50,1,6,6,6,7,6,7,4,6,NA,NA,NA,NA,NA,NA,NA,NA,NA,5,2.8333333333333335,4,6.08,6.006141001855288,5.948775510204081,5.96,6.098008658008658
2,464,33,1,6.428571428571429,7,7,5,6,7,6,7,NA,NA,NA,NA,NA,NA,NA,NA,NA,4,4,4,5.36734693877551,6.281781981085117,6.563713290194126,6.14,6.141088435374149
2,465,48,1,6.857142857142857,7,7,7,7,7,6,7,NA,NA,NA,NA,NA,NA,NA,NA,NA,4,4.333333333333333,4,5.7,6.4140403304178815,6.654149659863945,6.229166666666667,6.235555555555556
2,466,42,1,6.714285714285714,7,7,7,6,6,7,7,NA,NA,NA,NA,NA,NA,NA,NA,NA,4,3.8333333333333335,4,5.2,5.890469387755102,6.36734693877551,6,5.695
2,467,NA,NA,5.857142857142857,6,6,6,6,6,5,6,NA,NA,NA,NA,NA,NA,NA,NA,NA,NA,3.5,NA,4.72,5.815744680851064,6.248571428571428,5.22,5.437223910840932
2,468,39,1,4.571428571428571,4,6,6,4,5,4,3,NA,NA,NA,NA,NA,NA,NA,NA,NA,3,3.3333333333333335,3,4.8,5.724476477573643,5.168501922508133,5.390434782608695,6.206473412605631
2,469,NA,1,6,5,6,6,6,6,6,7,NA,NA,NA,NA,NA,NA,NA,NA,NA,4,4.5,4,5.82,5.905714285714286,6.162993197278912,5.46,5.797006802721088
2,470,43,1,4.857142857142857,6,5,6,5,5,3,4,NA,NA,NA,NA,NA,NA,NA,NA,NA,4,2.1666666666666665,4,5.08,6.086512550756737,NA,5.857142857142857,6.119279649844434
2,471,NA,1,5.142857142857143,4,4,6,6,6,4,6,NA,NA,NA,NA,NA,NA,NA,NA,NA,5,3.8333333333333335,4,NA,NA,NA,NA,NA
2,472,43,2,6.142857142857143,6,6,7,6,6,6,6,NA,NA,NA,NA,NA,NA,NA,NA,NA,4,4,4,NA,NA,NA,NA,NA
